label,fe,fe_ci_ll,fe_ci_ul,year,candidate,kind,move_start,move_end,matches_ai_move_filter,base_candidate,affine_intercept,affine_slope
1951.0,0.0797827307377669,-0.336322936212598,0.495888397688132,1951,raw_2_60,raw,2.0,60.0,all,,,
1952.0,-0.185431240236453,-0.602672533018589,0.231810052545682,1952,raw_2_60,raw,2.0,60.0,all,,,
1953.0,-0.0063675982199226,-0.421470023798571,0.408734827358726,1953,raw_2_60,raw,2.0,60.0,all,,,
1954.0,-0.14198725276915,-0.582335942422742,0.298361436884442,1954,raw_2_60,raw,2.0,60.0,all,,,
1955.0,-0.0285201201170734,-0.493947657071277,0.43690741683713,1955,raw_2_60,raw,2.0,60.0,all,,,
1956.0,-0.249451661041476,-0.719400516160187,0.220497194077234,1956,raw_2_60,raw,2.0,60.0,all,,,
1957.0,0.0122835099111949,-0.384340515117668,0.408907534940057,1957,raw_2_60,raw,2.0,60.0,all,,,
1958.0,-0.154474275945729,-0.598701836778747,0.289753284887289,1958,raw_2_60,raw,2.0,60.0,all,,,
1959.0,-0.12872935532612,-0.539347320996471,0.281888610344231,1959,raw_2_60,raw,2.0,60.0,all,,,
1960.0,0.0540787470748906,-0.333990171327235,0.442147665477016,1960,raw_2_60,raw,2.0,60.0,all,,,
1961.0,-0.182378722979357,-0.600796887387048,0.236039441428334,1961,raw_2_60,raw,2.0,60.0,all,,,
1962.0,-0.0907758892695934,-0.462805560625434,0.281253782086247,1962,raw_2_60,raw,2.0,60.0,all,,,
1963.0,-0.178403720701252,-0.56631278314137,0.209505341738865,1963,raw_2_60,raw,2.0,60.0,all,,,
1964.0,0.0045748164967358,-0.381039437493163,0.390189070486635,1964,raw_2_60,raw,2.0,60.0,all,,,
1965.0,0.0497708619517506,-0.338329890494424,0.437871614397925,1965,raw_2_60,raw,2.0,60.0,all,,,
1966.0,-0.0905581758991457,-0.474864718720578,0.293748366922287,1966,raw_2_60,raw,2.0,60.0,all,,,
1967.0,0.214938787567471,-0.196825157358691,0.626702732493633,1967,raw_2_60,raw,2.0,60.0,all,,,
1968.0,0.093940955814354,-0.300087019493851,0.487968931122559,1968,raw_2_60,raw,2.0,60.0,all,,,
1969.0,-0.0557091575510456,-0.451193966333241,0.33977565123115,1969,raw_2_60,raw,2.0,60.0,all,,,
1970.0,-0.188423001215654,-0.596705927741464,0.219859925310157,1970,raw_2_60,raw,2.0,60.0,all,,,
1971.0,-0.0450623255006192,-0.437810617280293,0.347685966279054,1971,raw_2_60,raw,2.0,60.0,all,,,
1972.0,0.0841618525429897,-0.303014344257786,0.471338049343766,1972,raw_2_60,raw,2.0,60.0,all,,,
1973.0,-0.0431072479865118,-0.420158035399547,0.333943539426524,1973,raw_2_60,raw,2.0,60.0,all,,,
1974.0,0.0548977201097466,-0.321631147435265,0.431426587654758,1974,raw_2_60,raw,2.0,60.0,all,,,
1975.0,0.0656485366331607,-0.313040833996644,0.444337907262965,1975,raw_2_60,raw,2.0,60.0,all,,,
1976.0,-0.0500953964912947,-0.418291927150757,0.318101134168167,1976,raw_2_60,raw,2.0,60.0,all,,,
1977.0,-0.051480234464247,-0.42130435956808,0.318343890639586,1977,raw_2_60,raw,2.0,60.0,all,,,
1978.0,0.0623185497952455,-0.303057631113645,0.427694730704136,1978,raw_2_60,raw,2.0,60.0,all,,,
1979.0,0.0819378060663503,-0.283356568903024,0.447232181035724,1979,raw_2_60,raw,2.0,60.0,all,,,
1980.0,0.006276075613874,-0.363572438175126,0.376124589402874,1980,raw_2_60,raw,2.0,60.0,all,,,
1981.0,0.0740986617791125,-0.298834068436556,0.447031391994781,1981,raw_2_60,raw,2.0,60.0,all,,,
1982.0,0.0280016888234779,-0.345066840061397,0.401070217708353,1982,raw_2_60,raw,2.0,60.0,all,,,
1983.0,0.169928868200028,-0.199326430288586,0.539184166688641,1983,raw_2_60,raw,2.0,60.0,all,,,
1984.0,0.0358408270994778,-0.339062910484465,0.410744564683421,1984,raw_2_60,raw,2.0,60.0,all,,,
1985.0,0.0008699270711963,-0.369304709830899,0.371044563973292,1985,raw_2_60,raw,2.0,60.0,all,,,
1986.0,0.104738065375596,-0.260797877017536,0.470274007768727,1986,raw_2_60,raw,2.0,60.0,all,,,
1987.0,0.0977441424694577,-0.268944005560874,0.464432290499789,1987,raw_2_60,raw,2.0,60.0,all,,,
1988.0,0.0564791221546856,-0.304959452359999,0.41791769666937,1988,raw_2_60,raw,2.0,60.0,all,,,
1989.0,-0.0211910394238832,-0.388384396117607,0.346002317269841,1989,raw_2_60,raw,2.0,60.0,all,,,
1990.0,-0.0140650712138692,-0.380484229654861,0.352354087227123,1990,raw_2_60,raw,2.0,60.0,all,,,
1991.0,-0.0236376384362061,-0.386932387828988,0.339657110956576,1991,raw_2_60,raw,2.0,60.0,all,,,
1992.0,0.0137349591457074,-0.35438980350411,0.381859721795525,1992,raw_2_60,raw,2.0,60.0,all,,,
1993.0,-0.10819705803459,-0.477288156599966,0.260894040530785,1993,raw_2_60,raw,2.0,60.0,all,,,
1994.0,-0.0466636795771182,-0.415044497969082,0.321717138814846,1994,raw_2_60,raw,2.0,60.0,all,,,
1995.0,0.0061198461404129,-0.359572129320742,0.371811821601568,1995,raw_2_60,raw,2.0,60.0,all,,,
1996.0,0.0200992174233471,-0.344008085762008,0.384206520608703,1996,raw_2_60,raw,2.0,60.0,all,,,
1997.0,-0.0028931234897788,-0.366926387117952,0.361140140138394,1997,raw_2_60,raw,2.0,60.0,all,,,
1998.0,-0.0047833309204294,-0.368822586433723,0.359255924592864,1998,raw_2_60,raw,2.0,60.0,all,,,
1999.0,0.0787876676076757,-0.287435452724235,0.445010787939587,1999,raw_2_60,raw,2.0,60.0,all,,,
2000.0,-0.0062676110535785,-0.371998267882057,0.3594630457749,2000,raw_2_60,raw,2.0,60.0,all,,,
2001.0,0.0127527215162225,-0.353649864508359,0.379155307540804,2001,raw_2_60,raw,2.0,60.0,all,,,
2002.0,0.107214929030222,-0.255874257125331,0.470304115185775,2002,raw_2_60,raw,2.0,60.0,all,,,
2003.0,0.0547440359727647,-0.308281120403988,0.417769192349518,2003,raw_2_60,raw,2.0,60.0,all,,,
2004.0,0.0724467809133955,-0.29029807246971,0.435191634296501,2004,raw_2_60,raw,2.0,60.0,all,,,
2005.0,-0.0302823552663021,-0.395108177414997,0.334543466882393,2005,raw_2_60,raw,2.0,60.0,all,,,
2006.0,0.136591253679133,-0.22674033065704,0.499922838015306,2006,raw_2_60,raw,2.0,60.0,all,,,
2007.0,0.0844182351164805,-0.277791390339523,0.446627860572484,2007,raw_2_60,raw,2.0,60.0,all,,,
2008.0,0.168786063182583,-0.193313710315993,0.53088583668116,2008,raw_2_60,raw,2.0,60.0,all,,,
2009.0,0.181194474230253,-0.180942978248443,0.543331926708949,2009,raw_2_60,raw,2.0,60.0,all,,,
2010.0,0.0896355532319856,-0.273032732582665,0.452303839046636,2010,raw_2_60,raw,2.0,60.0,all,,,
2011.0,0.0992017291605194,-0.262198372647976,0.460601830969015,2011,raw_2_60,raw,2.0,60.0,all,,,
2012.0,0.116065376240449,-0.245176551101363,0.477307303582262,2012,raw_2_60,raw,2.0,60.0,all,,,
2013.0,0.0818624799435889,-0.279587796665493,0.443312756552671,2013,raw_2_60,raw,2.0,60.0,all,,,
2014.0,0.140519472802204,-0.220774856723684,0.501813802328093,2014,raw_2_60,raw,2.0,60.0,all,,,
2015.0,0.21011444461086,-0.150668868301127,0.570897757522846,2015,raw_2_60,raw,2.0,60.0,all,,,
2016.0,0.175047859714517,-0.18529418892417,0.535389908353204,2016,raw_2_60,raw,2.0,60.0,all,,,
2017.0,0.317717590566383,-0.0421800333011146,0.677615214433881,2017,raw_2_60,raw,2.0,60.0,all,,,
2018.0,0.639569023433544,0.280140366130525,0.998997680736563,2018,raw_2_60,raw,2.0,60.0,all,,,
2019.0,0.769897347435474,0.410207352813338,1.12958734205761,2019,raw_2_60,raw,2.0,60.0,all,,,
2020.0,0.797934147890982,0.43811474531568,1.15775355046628,2020,raw_2_60,raw,2.0,60.0,all,,,
2021.0,0.871944111383321,0.512885028129028,1.23100319463761,2021,raw_2_60,raw,2.0,60.0,all,,,
1951.0,0.116403858944241,-0.342302410643887,0.575110128532369,1951,raw_2_55,raw,2.0,55.0,all,,,
1952.0,-0.231567952520545,-0.696078040361618,0.232942135320528,1952,raw_2_55,raw,2.0,55.0,all,,,
1953.0,0.0362733383046427,-0.405716465016137,0.478263141625423,1953,raw_2_55,raw,2.0,55.0,all,,,
1954.0,-0.202541700721827,-0.691724744546224,0.28664134310257,1954,raw_2_55,raw,2.0,55.0,all,,,
1955.0,-0.0530640299392308,-0.562781981423428,0.456653921544966,1955,raw_2_55,raw,2.0,55.0,all,,,
1956.0,-0.150865880564576,-0.637060752479166,0.335328991350014,1956,raw_2_55,raw,2.0,55.0,all,,,
1957.0,0.0638676766355463,-0.364790984713992,0.492526337985085,1957,raw_2_55,raw,2.0,55.0,all,,,
1958.0,-0.16645545726803,-0.660262431322821,0.327351516786761,1958,raw_2_55,raw,2.0,55.0,all,,,
1959.0,-0.0915199520317403,-0.534739559514633,0.351699655451152,1959,raw_2_55,raw,2.0,55.0,all,,,
1960.0,0.0540811051457493,-0.369313892803578,0.477476103095077,1960,raw_2_55,raw,2.0,55.0,all,,,
1961.0,-0.167944295489101,-0.61965292353753,0.283764332559329,1961,raw_2_55,raw,2.0,55.0,all,,,
1962.0,-0.102730481481846,-0.513083387838233,0.307622424874542,1962,raw_2_55,raw,2.0,55.0,all,,,
1963.0,-0.149075812486658,-0.578357881754247,0.280206256780931,1963,raw_2_55,raw,2.0,55.0,all,,,
1964.0,0.0411609916637987,-0.380326791163212,0.462648774490809,1964,raw_2_55,raw,2.0,55.0,all,,,
1965.0,0.0733025049124207,-0.350986584826616,0.497591594651458,1965,raw_2_55,raw,2.0,55.0,all,,,
1966.0,-0.0277626894644515,-0.444084883409736,0.388559504480833,1966,raw_2_55,raw,2.0,55.0,all,,,
1967.0,0.280719357504941,-0.159910212994987,0.721348928004868,1967,raw_2_55,raw,2.0,55.0,all,,,
1968.0,0.153714627465263,-0.278675999913302,0.586105254843829,1968,raw_2_55,raw,2.0,55.0,all,,,
1969.0,-0.0199805964174598,-0.443502860275212,0.403541667440292,1969,raw_2_55,raw,2.0,55.0,all,,,
1970.0,-0.136014131402293,-0.578742299023095,0.306714036218509,1970,raw_2_55,raw,2.0,55.0,all,,,
1971.0,0.0181244051549797,-0.410387780757496,0.446636591067455,1971,raw_2_55,raw,2.0,55.0,all,,,
1972.0,0.107309989303385,-0.321077915091775,0.535697893698545,1972,raw_2_55,raw,2.0,55.0,all,,,
1973.0,-0.0035306076590225,-0.415667465757289,0.408606250439244,1973,raw_2_55,raw,2.0,55.0,all,,,
1974.0,0.120393514084,-0.293837597020253,0.534624625188252,1974,raw_2_55,raw,2.0,55.0,all,,,
1975.0,0.142773412395386,-0.271672917597259,0.557219742388031,1975,raw_2_55,raw,2.0,55.0,all,,,
1976.0,-0.008530169545319,-0.413329034754244,0.396268695663606,1976,raw_2_55,raw,2.0,55.0,all,,,
1977.0,0.0129419826214103,-0.394291614099377,0.420175579342197,1977,raw_2_55,raw,2.0,55.0,all,,,
1978.0,0.143679549181433,-0.26275885828688,0.550117956649747,1978,raw_2_55,raw,2.0,55.0,all,,,
1979.0,0.139218762000642,-0.262289506796078,0.540727030797362,1979,raw_2_55,raw,2.0,55.0,all,,,
1980.0,0.0661398103451921,-0.340957592548355,0.473237213238739,1980,raw_2_55,raw,2.0,55.0,all,,,
1981.0,0.120771715958542,-0.290007757945325,0.531551189862409,1981,raw_2_55,raw,2.0,55.0,all,,,
1982.0,0.0722683781627237,-0.339690962411909,0.484227718737356,1982,raw_2_55,raw,2.0,55.0,all,,,
1983.0,0.234058779193749,-0.173573207841656,0.641690766229155,1983,raw_2_55,raw,2.0,55.0,all,,,
1984.0,0.0558303539748905,-0.356376857606037,0.468037565555818,1984,raw_2_55,raw,2.0,55.0,all,,,
1985.0,0.0549620463033267,-0.35260034505323,0.462524437659883,1985,raw_2_55,raw,2.0,55.0,all,,,
1986.0,0.159628876987294,-0.240916292787232,0.56017404676182,1986,raw_2_55,raw,2.0,55.0,all,,,
1987.0,0.156558016166096,-0.247493109701877,0.560609142034069,1987,raw_2_55,raw,2.0,55.0,all,,,
1988.0,0.0960437696940899,-0.302199958640607,0.494287498028787,1988,raw_2_55,raw,2.0,55.0,all,,,
1989.0,0.0238990473630093,-0.381650290041684,0.429448384767703,1989,raw_2_55,raw,2.0,55.0,all,,,
1990.0,0.0640153951289002,-0.338627312148933,0.466658102406733,1990,raw_2_55,raw,2.0,55.0,all,,,
1991.0,0.0590516969130473,-0.339224959178147,0.457328353004242,1991,raw_2_55,raw,2.0,55.0,all,,,
1992.0,0.0537548044566472,-0.353571890678788,0.461081499592082,1992,raw_2_55,raw,2.0,55.0,all,,,
1993.0,-0.0902914288654467,-0.497187877811037,0.316605020080144,1993,raw_2_55,raw,2.0,55.0,all,,,
1994.0,-0.0019344648418681,-0.408138250126904,0.404269320443168,1994,raw_2_55,raw,2.0,55.0,all,,,
1995.0,0.0597763060809894,-0.343409590223885,0.462962202385864,1995,raw_2_55,raw,2.0,55.0,all,,,
1996.0,0.0620816628711778,-0.339346167580311,0.463509493322666,1996,raw_2_55,raw,2.0,55.0,all,,,
1997.0,0.0590337110800154,-0.343106202931053,0.461173625091084,1997,raw_2_55,raw,2.0,55.0,all,,,
1998.0,0.0518359511382273,-0.349949539991981,0.453621442268435,1998,raw_2_55,raw,2.0,55.0,all,,,
1999.0,0.129570900710387,-0.274199569678792,0.533341371099566,1999,raw_2_55,raw,2.0,55.0,all,,,
2000.0,0.0427885836026155,-0.36027576710235,0.445852934307582,2000,raw_2_55,raw,2.0,55.0,all,,,
2001.0,0.0571692205331076,-0.346164308111702,0.460502749177917,2001,raw_2_55,raw,2.0,55.0,all,,,
2002.0,0.163677099371628,-0.237232567092215,0.564586765835471,2002,raw_2_55,raw,2.0,55.0,all,,,
2003.0,0.107799507937347,-0.292808660029305,0.508407675904,2003,raw_2_55,raw,2.0,55.0,all,,,
2004.0,0.110747370791795,-0.289684123502122,0.511178865085712,2004,raw_2_55,raw,2.0,55.0,all,,,
2005.0,0.0139723844225701,-0.388429565391157,0.416374334236298,2005,raw_2_55,raw,2.0,55.0,all,,,
2006.0,0.159864745410591,-0.240570261577381,0.560299752398563,2006,raw_2_55,raw,2.0,55.0,all,,,
2007.0,0.130660129345532,-0.269345447019529,0.530665705710594,2007,raw_2_55,raw,2.0,55.0,all,,,
2008.0,0.221516016476545,-0.177953784707505,0.620985817660596,2008,raw_2_55,raw,2.0,55.0,all,,,
2009.0,0.214495048181759,-0.185489845267453,0.614479941630971,2009,raw_2_55,raw,2.0,55.0,all,,,
2010.0,0.149060226151457,-0.251105065827277,0.54922551813019,2010,raw_2_55,raw,2.0,55.0,all,,,
2011.0,0.17184770800657,-0.226845499340381,0.570540915353521,2011,raw_2_55,raw,2.0,55.0,all,,,
2012.0,0.158295796797014,-0.240316634034712,0.55690822762874,2012,raw_2_55,raw,2.0,55.0,all,,,
2013.0,0.120265356584997,-0.278674602834343,0.519205316004337,2013,raw_2_55,raw,2.0,55.0,all,,,
2014.0,0.187947670374083,-0.210970077363272,0.586865418111438,2014,raw_2_55,raw,2.0,55.0,all,,,
2015.0,0.244810715317328,-0.153655249029413,0.64327667966407,2015,raw_2_55,raw,2.0,55.0,all,,,
2016.0,0.210385934665856,-0.187919649753688,0.6086915190854,2016,raw_2_55,raw,2.0,55.0,all,,,
2017.0,0.371301915833145,-0.0263668568775239,0.768970688543814,2017,raw_2_55,raw,2.0,55.0,all,,,
2018.0,0.685718910524741,0.288508412422551,1.08292940862693,2018,raw_2_55,raw,2.0,55.0,all,,,
2019.0,0.82701065530047,0.429610514696588,1.22441079590435,2019,raw_2_55,raw,2.0,55.0,all,,,
2020.0,0.865892149438274,0.468413857648353,1.26337044122819,2020,raw_2_55,raw,2.0,55.0,all,,,
2021.0,0.920243308470564,0.523220866003861,1.31726575093727,2021,raw_2_55,raw,2.0,55.0,all,,,
1951.0,0.0440531530780585,-0.430083530559756,0.518189836715873,1951,raw_2_50,raw,2.0,50.0,all,,,
1952.0,-0.370435643891005,-0.870374804755262,0.129503516973251,1952,raw_2_50,raw,2.0,50.0,all,,,
1953.0,-0.0489275095230325,-0.474793883738647,0.376938864692582,1953,raw_2_50,raw,2.0,50.0,all,,,
1954.0,-0.192850240755395,-0.657674605676599,0.271974124165809,1954,raw_2_50,raw,2.0,50.0,all,,,
1955.0,-0.0399704954736233,-0.52136306037317,0.441422069425924,1955,raw_2_50,raw,2.0,50.0,all,,,
1956.0,-0.178714591783515,-0.656490447297858,0.299061263730827,1956,raw_2_50,raw,2.0,50.0,all,,,
1957.0,0.0458326197575411,-0.374082040903422,0.465747280418504,1957,raw_2_50,raw,2.0,50.0,all,,,
1958.0,-0.166060375650583,-0.648263461541436,0.316142710240271,1958,raw_2_50,raw,2.0,50.0,all,,,
1959.0,-0.115644695221854,-0.557589339995982,0.326299949552274,1959,raw_2_50,raw,2.0,50.0,all,,,
1960.0,-0.0081108019513347,-0.425637164457955,0.409415560555286,1960,raw_2_50,raw,2.0,50.0,all,,,
1961.0,-0.193241364867218,-0.63680783423196,0.250325104497525,1961,raw_2_50,raw,2.0,50.0,all,,,
1962.0,-0.141429628272384,-0.545394867074283,0.262535610529514,1962,raw_2_50,raw,2.0,50.0,all,,,
1963.0,-0.172783662329976,-0.591218636615294,0.245651311955342,1963,raw_2_50,raw,2.0,50.0,all,,,
1964.0,-0.0129487203214855,-0.432532772279337,0.406635331636366,1964,raw_2_50,raw,2.0,50.0,all,,,
1965.0,0.075869534964413,-0.341161080626612,0.492900150555438,1965,raw_2_50,raw,2.0,50.0,all,,,
1966.0,-0.0490011047262932,-0.454802570148424,0.356800360695837,1966,raw_2_50,raw,2.0,50.0,all,,,
1967.0,0.257086277644035,-0.170161952129324,0.684334507417394,1967,raw_2_50,raw,2.0,50.0,all,,,
1968.0,0.145319799868293,-0.270513252761804,0.561152852498391,1968,raw_2_50,raw,2.0,50.0,all,,,
1969.0,-0.110368065617394,-0.534270981558141,0.313534850323352,1969,raw_2_50,raw,2.0,50.0,all,,,
1970.0,-0.11808387166199,-0.553192482973506,0.317024739649527,1970,raw_2_50,raw,2.0,50.0,all,,,
1971.0,-0.0628328612279084,-0.482920219788523,0.357254497332706,1971,raw_2_50,raw,2.0,50.0,all,,,
1972.0,0.0919088528404135,-0.329904139690093,0.51372184537092,1972,raw_2_50,raw,2.0,50.0,all,,,
1973.0,0.0086201542914617,-0.394506024597413,0.411746333180337,1973,raw_2_50,raw,2.0,50.0,all,,,
1974.0,0.0878359926811928,-0.314076053514835,0.489748038877221,1974,raw_2_50,raw,2.0,50.0,all,,,
1975.0,0.112318832224901,-0.292370356356019,0.517008020805821,1975,raw_2_50,raw,2.0,50.0,all,,,
1976.0,-0.0143299112091971,-0.411016489862708,0.382356667444314,1976,raw_2_50,raw,2.0,50.0,all,,,
1977.0,-0.0254639886463596,-0.424192101342993,0.373264124050274,1977,raw_2_50,raw,2.0,50.0,all,,,
1978.0,0.0809657427439399,-0.312895756836845,0.474827242324725,1978,raw_2_50,raw,2.0,50.0,all,,,
1979.0,0.103265454563055,-0.286092892948433,0.492623802074542,1979,raw_2_50,raw,2.0,50.0,all,,,
1980.0,0.0470501189191035,-0.351973400581807,0.446073638420014,1980,raw_2_50,raw,2.0,50.0,all,,,
1981.0,0.095398061478022,-0.307210118195457,0.498006241151501,1981,raw_2_50,raw,2.0,50.0,all,,,
1982.0,0.0670981496771405,-0.336336481747456,0.470532781101737,1982,raw_2_50,raw,2.0,50.0,all,,,
1983.0,0.211205221081908,-0.189504938677539,0.611915380841355,1983,raw_2_50,raw,2.0,50.0,all,,,
1984.0,0.0348183947411407,-0.367985954540675,0.437622744022957,1984,raw_2_50,raw,2.0,50.0,all,,,
1985.0,0.0622794098551591,-0.337934366025873,0.462493185736191,1985,raw_2_50,raw,2.0,50.0,all,,,
1986.0,0.171091682065383,-0.218049703195375,0.56023306732614,1986,raw_2_50,raw,2.0,50.0,all,,,
1987.0,0.154671769845336,-0.239318880079302,0.548662419769973,1987,raw_2_50,raw,2.0,50.0,all,,,
1988.0,0.0863141041129719,-0.304558633734782,0.477186841960726,1988,raw_2_50,raw,2.0,50.0,all,,,
1989.0,-0.0159686125288349,-0.410721792829246,0.378784567771577,1989,raw_2_50,raw,2.0,50.0,all,,,
1990.0,0.0944219212986534,-0.298797127305408,0.487640969902715,1990,raw_2_50,raw,2.0,50.0,all,,,
1991.0,-0.000825130046317,-0.393411202214057,0.391760942121423,1991,raw_2_50,raw,2.0,50.0,all,,,
1992.0,0.0293267777357118,-0.363357145711711,0.422010701183135,1992,raw_2_50,raw,2.0,50.0,all,,,
1993.0,-0.109210371722415,-0.505033547845424,0.286612804400595,1993,raw_2_50,raw,2.0,50.0,all,,,
1994.0,-0.0503893354757313,-0.447838040730982,0.347059369779519,1994,raw_2_50,raw,2.0,50.0,all,,,
1995.0,0.0593904587593057,-0.334593918268621,0.453374835787233,1995,raw_2_50,raw,2.0,50.0,all,,,
1996.0,0.0473258619244335,-0.344337032555092,0.438988756403959,1996,raw_2_50,raw,2.0,50.0,all,,,
1997.0,0.0473789224108383,-0.344563543288973,0.43932138811065,1997,raw_2_50,raw,2.0,50.0,all,,,
1998.0,0.0104727166795305,-0.381882470301352,0.402827903660413,1998,raw_2_50,raw,2.0,50.0,all,,,
1999.0,0.0621282785519608,-0.331798606101123,0.456055163205044,1999,raw_2_50,raw,2.0,50.0,all,,,
2000.0,0.0164382160146476,-0.376764999710294,0.409641431739589,2000,raw_2_50,raw,2.0,50.0,all,,,
2001.0,-0.002303570689508,-0.398968957338892,0.394361815959876,2001,raw_2_50,raw,2.0,50.0,all,,,
2002.0,0.119468540135715,-0.272285899776445,0.511222980047875,2002,raw_2_50,raw,2.0,50.0,all,,,
2003.0,0.0641686687571646,-0.327234311215786,0.455571648730115,2003,raw_2_50,raw,2.0,50.0,all,,,
2004.0,0.0681945751951504,-0.322627078259801,0.459016228650102,2004,raw_2_50,raw,2.0,50.0,all,,,
2005.0,-0.0164985677110836,-0.408790094008174,0.375792958586007,2005,raw_2_50,raw,2.0,50.0,all,,,
2006.0,0.141663549565037,-0.248551324954861,0.531878424084936,2006,raw_2_50,raw,2.0,50.0,all,,,
2007.0,0.0787097861409929,-0.31153297659463,0.468952548876616,2007,raw_2_50,raw,2.0,50.0,all,,,
2008.0,0.186055672922988,-0.203540362326193,0.575651708172169,2008,raw_2_50,raw,2.0,50.0,all,,,
2009.0,0.170502062493718,-0.220128485587799,0.561132610575235,2009,raw_2_50,raw,2.0,50.0,all,,,
2010.0,0.121461357530205,-0.268870182940423,0.511792898000833,2010,raw_2_50,raw,2.0,50.0,all,,,
2011.0,0.138691776792559,-0.25038169823662,0.527765251821737,2011,raw_2_50,raw,2.0,50.0,all,,,
2012.0,0.134909523302187,-0.253649196498062,0.523468243102436,2012,raw_2_50,raw,2.0,50.0,all,,,
2013.0,0.0737977754373451,-0.315459251931369,0.463054802806059,2013,raw_2_50,raw,2.0,50.0,all,,,
2014.0,0.145791083191547,-0.243581505084081,0.535163671467175,2014,raw_2_50,raw,2.0,50.0,all,,,
2015.0,0.199672930927421,-0.189091862007335,0.588437723862178,2015,raw_2_50,raw,2.0,50.0,all,,,
2016.0,0.172084118586424,-0.216544606049527,0.560712843222375,2016,raw_2_50,raw,2.0,50.0,all,,,
2017.0,0.338260507818326,-0.0494045263011585,0.725925541937809,2017,raw_2_50,raw,2.0,50.0,all,,,
2018.0,0.65166035168212,0.264131564625036,1.0391891387392,2018,raw_2_50,raw,2.0,50.0,all,,,
2019.0,0.799330592970773,0.411845350236683,1.18681583570486,2019,raw_2_50,raw,2.0,50.0,all,,,
2020.0,0.848719840272104,0.461027506056988,1.23641217448722,2020,raw_2_50,raw,2.0,50.0,all,,,
2021.0,0.891532502389742,0.504436222346687,1.2786287824328,2021,raw_2_50,raw,2.0,50.0,all,,,
1951.0,0.109049362770874,-0.322262734051041,0.540361459592788,1951,raw_3_60,raw,3.0,60.0,all,,,
1952.0,-0.146133374955745,-0.577863344687861,0.28559659477637,1952,raw_3_60,raw,3.0,60.0,all,,,
1953.0,-0.0157881384037829,-0.444895774423731,0.413319497616166,1953,raw_3_60,raw,3.0,60.0,all,,,
1954.0,-0.133630992948826,-0.582106824732502,0.31484483883485,1954,raw_3_60,raw,3.0,60.0,all,,,
1955.0,0.0396575578498565,-0.436176084908084,0.515491200607797,1955,raw_3_60,raw,3.0,60.0,all,,,
1956.0,-0.256879247300154,-0.740117674758159,0.22635918015785,1956,raw_3_60,raw,3.0,60.0,all,,,
1957.0,0.0194254007398853,-0.38985188963922,0.428702691118991,1957,raw_3_60,raw,3.0,60.0,all,,,
1958.0,-0.128709404983191,-0.586161752241146,0.328742942274764,1958,raw_3_60,raw,3.0,60.0,all,,,
1959.0,-0.12733761943442,-0.553420962445415,0.298745723576575,1959,raw_3_60,raw,3.0,60.0,all,,,
1960.0,0.090705637927626,-0.311647725044904,0.493059000900156,1960,raw_3_60,raw,3.0,60.0,all,,,
1961.0,-0.166900015982531,-0.5964643708867,0.262664338921638,1961,raw_3_60,raw,3.0,60.0,all,,,
1962.0,-0.0838441244015318,-0.469965165262816,0.302276916459753,1962,raw_3_60,raw,3.0,60.0,all,,,
1963.0,-0.181406751093738,-0.585073341110424,0.222259838922949,1963,raw_3_60,raw,3.0,60.0,all,,,
1964.0,0.0078011322654431,-0.389578715386089,0.405180979916975,1964,raw_3_60,raw,3.0,60.0,all,,,
1965.0,0.0747634941519887,-0.325309323269005,0.474836311572982,1965,raw_3_60,raw,3.0,60.0,all,,,
1966.0,-0.0568850531277118,-0.455241978006758,0.341471871751334,1966,raw_3_60,raw,3.0,60.0,all,,,
1967.0,0.236879619104768,-0.188120692552389,0.661879930761926,1967,raw_3_60,raw,3.0,60.0,all,,,
1968.0,0.129239951781543,-0.276619996158315,0.5350998997214,1968,raw_3_60,raw,3.0,60.0,all,,,
1969.0,-0.0584452476612968,-0.469380662864648,0.352490167542054,1969,raw_3_60,raw,3.0,60.0,all,,,
1970.0,-0.198162782477045,-0.619007730640993,0.222682165686903,1970,raw_3_60,raw,3.0,60.0,all,,,
1971.0,-0.0378914729970856,-0.444872380054944,0.369089434060773,1971,raw_3_60,raw,3.0,60.0,all,,,
1972.0,0.113568392109058,-0.28680514271364,0.513941926931755,1972,raw_3_60,raw,3.0,60.0,all,,,
1973.0,-0.028602302968299,-0.421266153287745,0.364061547351147,1973,raw_3_60,raw,3.0,60.0,all,,,
1974.0,0.0702474099670959,-0.317222778370955,0.457717598305146,1974,raw_3_60,raw,3.0,60.0,all,,,
1975.0,0.103988804407303,-0.285111564259298,0.493089173073903,1975,raw_3_60,raw,3.0,60.0,all,,,
1976.0,-0.056761479006362,-0.438132841901771,0.324609883889047,1976,raw_3_60,raw,3.0,60.0,all,,,
1977.0,-0.0477054098791559,-0.429543452659163,0.334132632900852,1977,raw_3_60,raw,3.0,60.0,all,,,
1978.0,0.0703620705052482,-0.305961070052551,0.446685211063048,1978,raw_3_60,raw,3.0,60.0,all,,,
1979.0,0.0915111177744464,-0.285379662336298,0.468401897885191,1979,raw_3_60,raw,3.0,60.0,all,,,
1980.0,0.0161830501322022,-0.365871806913313,0.398237907177717,1980,raw_3_60,raw,3.0,60.0,all,,,
1981.0,0.0816159822796245,-0.304236969362092,0.467468933921341,1981,raw_3_60,raw,3.0,60.0,all,,,
1982.0,0.0477978300673593,-0.338072392853153,0.433668052987871,1982,raw_3_60,raw,3.0,60.0,all,,,
1983.0,0.198277741515459,-0.18251186500836,0.579067348039277,1983,raw_3_60,raw,3.0,60.0,all,,,
1984.0,0.0559298232417704,-0.331508670981803,0.443368317465344,1984,raw_3_60,raw,3.0,60.0,all,,,
1985.0,0.0156792398013412,-0.366381179569591,0.397739659172273,1985,raw_3_60,raw,3.0,60.0,all,,,
1986.0,0.119410593955295,-0.257822270160278,0.496643458070867,1986,raw_3_60,raw,3.0,60.0,all,,,
1987.0,0.105701555512592,-0.272699917056145,0.484103028081329,1987,raw_3_60,raw,3.0,60.0,all,,,
1988.0,0.0625399187578302,-0.309892307822044,0.434972145337705,1988,raw_3_60,raw,3.0,60.0,all,,,
1989.0,-0.02113241302045,-0.399661875039952,0.357397048999052,1989,raw_3_60,raw,3.0,60.0,all,,,
1990.0,-0.015328160994485,-0.392996256914006,0.362339934925036,1990,raw_3_60,raw,3.0,60.0,all,,,
1991.0,-0.0267284660367553,-0.401156546227072,0.347699614153561,1991,raw_3_60,raw,3.0,60.0,all,,,
1992.0,0.0071904546991879,-0.372790146965782,0.387171056364158,1992,raw_3_60,raw,3.0,60.0,all,,,
1993.0,-0.124829966414698,-0.505131234396581,0.255471301567185,1993,raw_3_60,raw,3.0,60.0,all,,,
1994.0,-0.0487697182715622,-0.429263162825218,0.331723726282094,1994,raw_3_60,raw,3.0,60.0,all,,,
1995.0,0.0048552068715007,-0.37232826764548,0.382038681388482,1995,raw_3_60,raw,3.0,60.0,all,,,
1996.0,0.0073858335712307,-0.368288751050657,0.383060418193118,1996,raw_3_60,raw,3.0,60.0,all,,,
1997.0,-0.0087081396419376,-0.384406548042448,0.366990268758572,1997,raw_3_60,raw,3.0,60.0,all,,,
1998.0,-0.008709767989302,-0.384171855290536,0.366752319311932,1998,raw_3_60,raw,3.0,60.0,all,,,
1999.0,0.0738291623858169,-0.303943109005314,0.451601433776947,1999,raw_3_60,raw,3.0,60.0,all,,,
2000.0,-0.0152554095674194,-0.392217289298194,0.361706470163355,2000,raw_3_60,raw,3.0,60.0,all,,,
2001.0,0.0084163752519137,-0.369772790261323,0.38660554076515,2001,raw_3_60,raw,3.0,60.0,all,,,
2002.0,0.100443719261366,-0.27422369483601,0.475111133358742,2002,raw_3_60,raw,3.0,60.0,all,,,
2003.0,0.0529300547717461,-0.321407376430544,0.427267485974036,2003,raw_3_60,raw,3.0,60.0,all,,,
2004.0,0.0801385688856542,-0.294165944230604,0.454443082001912,2004,raw_3_60,raw,3.0,60.0,all,,,
2005.0,-0.0237712179482147,-0.40020627073818,0.35266383484175,2005,raw_3_60,raw,3.0,60.0,all,,,
2006.0,0.157028793263448,-0.218320462245038,0.532378048771935,2006,raw_3_60,raw,3.0,60.0,all,,,
2007.0,0.0870024486867586,-0.286987182538785,0.460992079912302,2007,raw_3_60,raw,3.0,60.0,all,,,
2008.0,0.179245204371293,-0.194427168051356,0.552917576793942,2008,raw_3_60,raw,3.0,60.0,all,,,
2009.0,0.186977892961457,-0.187015932045548,0.560971717968463,2009,raw_3_60,raw,3.0,60.0,all,,,
2010.0,0.0871487449695046,-0.287136053459883,0.461433543398892,2010,raw_3_60,raw,3.0,60.0,all,,,
2011.0,0.0983290976781774,-0.274577611421213,0.471235806777567,2011,raw_3_60,raw,3.0,60.0,all,,,
2012.0,0.121861967854909,-0.251026783444398,0.494750719154216,2012,raw_3_60,raw,3.0,60.0,all,,,
2013.0,0.0852882572080287,-0.28783594602352,0.458412460439577,2013,raw_3_60,raw,3.0,60.0,all,,,
2014.0,0.147042917024182,-0.225819574284602,0.519905408332965,2014,raw_3_60,raw,3.0,60.0,all,,,
2015.0,0.223840389156551,-0.148632120438982,0.596312898752084,2015,raw_3_60,raw,3.0,60.0,all,,,
2016.0,0.1852245834769,-0.186767432221357,0.557216599175158,2016,raw_3_60,raw,3.0,60.0,all,,,
2017.0,0.345251438411452,-0.0261733996453097,0.716676276468215,2017,raw_3_60,raw,3.0,60.0,all,,,
2018.0,0.683329974068428,0.31233904048947,1.05432090764739,2018,raw_3_60,raw,3.0,60.0,all,,,
2019.0,0.824714701934686,0.45356047107816,1.19586893279121,2019,raw_3_60,raw,3.0,60.0,all,,,
2020.0,0.85459484058671,0.483194962061468,1.22599471911195,2020,raw_3_60,raw,3.0,60.0,all,,,
2021.0,0.931610057189899,0.561043669180856,1.30217644519894,2021,raw_3_60,raw,3.0,60.0,all,,,
1951.0,0.118277802292569,-0.324823852864287,0.561379457449424,1951,raw_4_60,raw,4.0,60.0,all,,,
1952.0,-0.225136039852631,-0.674484579351375,0.224212499646112,1952,raw_4_60,raw,4.0,60.0,all,,,
1953.0,-0.0120157258460214,-0.446018815860043,0.421987364168,1953,raw_4_60,raw,4.0,60.0,all,,,
1954.0,-0.167060145736592,-0.628098769886166,0.293978478412982,1954,raw_4_60,raw,4.0,60.0,all,,,
1955.0,0.0281404672636065,-0.458411607655018,0.514692542182231,1955,raw_4_60,raw,4.0,60.0,all,,,
1956.0,-0.294719443573351,-0.788743615569557,0.199304728422856,1956,raw_4_60,raw,4.0,60.0,all,,,
1957.0,-0.003939474411676,-0.4197653120835,0.411886363260148,1957,raw_4_60,raw,4.0,60.0,all,,,
1958.0,-0.140796654148336,-0.611814048832211,0.330220740535539,1958,raw_4_60,raw,4.0,60.0,all,,,
1959.0,-0.128671745677504,-0.563522363194826,0.306178871839817,1959,raw_4_60,raw,4.0,60.0,all,,,
1960.0,0.0955588739740881,-0.313689208433058,0.504806956381235,1960,raw_4_60,raw,4.0,60.0,all,,,
1961.0,-0.210008694489254,-0.648965952609951,0.228948563631442,1961,raw_4_60,raw,4.0,60.0,all,,,
1962.0,-0.0831793704306272,-0.478625097136799,0.312266356275545,1962,raw_4_60,raw,4.0,60.0,all,,,
1963.0,-0.1794368896145,-0.591613359006423,0.232739579777424,1963,raw_4_60,raw,4.0,60.0,all,,,
1964.0,7.03784012881008e-05,-0.408345325163814,0.408486081966391,1964,raw_4_60,raw,4.0,60.0,all,,,
1965.0,0.0684158981337679,-0.338753048125414,0.475584844392949,1965,raw_4_60,raw,4.0,60.0,all,,,
1966.0,-0.0600195195453562,-0.464894121280668,0.344855082189956,1966,raw_4_60,raw,4.0,60.0,all,,,
1967.0,0.251271450640395,-0.181955583468584,0.684498484749373,1967,raw_4_60,raw,4.0,60.0,all,,,
1968.0,0.130540838078458,-0.284978676758979,0.546060352915895,1968,raw_4_60,raw,4.0,60.0,all,,,
1969.0,-0.0591029257673926,-0.477768362224759,0.359562510689973,1969,raw_4_60,raw,4.0,60.0,all,,,
1970.0,-0.209244264306717,-0.637903525095492,0.219414996482058,1970,raw_4_60,raw,4.0,60.0,all,,,
1971.0,-0.0665832209798557,-0.482893834907291,0.34972739294758,1971,raw_4_60,raw,4.0,60.0,all,,,
1972.0,0.102780473132068,-0.30388528044123,0.509446226705366,1972,raw_4_60,raw,4.0,60.0,all,,,
1973.0,-0.0539222405640058,-0.455056811381339,0.347212330253327,1973,raw_4_60,raw,4.0,60.0,all,,,
1974.0,0.0512524409191761,-0.342644560055738,0.44514944189409,1974,raw_4_60,raw,4.0,60.0,all,,,
1975.0,0.0828139370076468,-0.312646169634641,0.478274043649934,1975,raw_4_60,raw,4.0,60.0,all,,,
1976.0,-0.0918795043798602,-0.482247320963265,0.298488312203544,1976,raw_4_60,raw,4.0,60.0,all,,,
1977.0,-0.0610902426891127,-0.449887696825265,0.32770721144704,1977,raw_4_60,raw,4.0,60.0,all,,,
1978.0,0.0546536030456544,-0.328520806780574,0.437828012871883,1978,raw_4_60,raw,4.0,60.0,all,,,
1979.0,0.0871327279090399,-0.295815425538968,0.470080881357048,1979,raw_4_60,raw,4.0,60.0,all,,,
1980.0,0.0055608648105111,-0.383635225199486,0.394756954820509,1980,raw_4_60,raw,4.0,60.0,all,,,
1981.0,0.0677411433360644,-0.325704913562288,0.461187200234417,1981,raw_4_60,raw,4.0,60.0,all,,,
1982.0,0.02979760915476,-0.362939591348535,0.422534809658055,1982,raw_4_60,raw,4.0,60.0,all,,,
1983.0,0.192242816578536,-0.196396421805863,0.580882054962935,1983,raw_4_60,raw,4.0,60.0,all,,,
1984.0,0.0367332844434049,-0.357860436121372,0.431327005008182,1984,raw_4_60,raw,4.0,60.0,all,,,
1985.0,0.0006558220814067,-0.389412537132275,0.390724181295088,1985,raw_4_60,raw,4.0,60.0,all,,,
1986.0,0.112844865098454,-0.270681969995459,0.496371700192367,1986,raw_4_60,raw,4.0,60.0,all,,,
1987.0,0.0767373366191915,-0.309641693559067,0.46311636679745,1987,raw_4_60,raw,4.0,60.0,all,,,
1988.0,0.0282409444927183,-0.351826291543029,0.408308180528465,1988,raw_4_60,raw,4.0,60.0,all,,,
1989.0,-0.0484978152945872,-0.433659612581929,0.336663981992755,1989,raw_4_60,raw,4.0,60.0,all,,,
1990.0,-0.0432213769054182,-0.427885088397681,0.341442334586844,1990,raw_4_60,raw,4.0,60.0,all,,,
1991.0,-0.0571513882401999,-0.438540837059356,0.324238060578956,1991,raw_4_60,raw,4.0,60.0,all,,,
1992.0,-0.0196856952134937,-0.406564948160818,0.36719355773383,1992,raw_4_60,raw,4.0,60.0,all,,,
1993.0,-0.156087559513909,-0.543581256659244,0.231406137631426,1993,raw_4_60,raw,4.0,60.0,all,,,
1994.0,-0.0752348166290278,-0.46247789546564,0.312008262207584,1994,raw_4_60,raw,4.0,60.0,all,,,
1995.0,-0.0320753853164024,-0.41602282173376,0.351872051100955,1995,raw_4_60,raw,4.0,60.0,all,,,
1996.0,-0.0214165892430071,-0.403830862185702,0.360997683699688,1996,raw_4_60,raw,4.0,60.0,all,,,
1997.0,-0.0242761625950704,-0.406815751850312,0.358263426660171,1997,raw_4_60,raw,4.0,60.0,all,,,
1998.0,-0.0246092208590313,-0.406587060448859,0.357368618730796,1998,raw_4_60,raw,4.0,60.0,all,,,
1999.0,0.0607796714828832,-0.323726400102587,0.445285743068353,1999,raw_4_60,raw,4.0,60.0,all,,,
2000.0,-0.0249288240319307,-0.408482765535815,0.358625117471953,2000,raw_4_60,raw,4.0,60.0,all,,,
2001.0,-0.0149416361773661,-0.400160435470525,0.370277163115793,2001,raw_4_60,raw,4.0,60.0,all,,,
2002.0,0.0962878676783574,-0.28500708656893,0.477582821925644,2002,raw_4_60,raw,4.0,60.0,all,,,
2003.0,0.0398578073154947,-0.341365880795529,0.421081495426518,2003,raw_4_60,raw,4.0,60.0,all,,,
2004.0,0.0718654809155181,-0.309195784115011,0.452926745946047,2004,raw_4_60,raw,4.0,60.0,all,,,
2005.0,-0.0392424798564416,-0.422352340444804,0.343867380731921,2005,raw_4_60,raw,4.0,60.0,all,,,
2006.0,0.151736516769876,-0.229708324851202,0.533181358390954,2006,raw_4_60,raw,4.0,60.0,all,,,
2007.0,0.0755039836470265,-0.305179351868549,0.456187319162602,2007,raw_4_60,raw,4.0,60.0,all,,,
2008.0,0.170758574482882,-0.209639850815219,0.551156999780983,2008,raw_4_60,raw,4.0,60.0,all,,,
2009.0,0.174049771260116,-0.206683255882171,0.554782798402403,2009,raw_4_60,raw,4.0,60.0,all,,,
2010.0,0.0781926668036257,-0.302823043161028,0.459208376768279,2010,raw_4_60,raw,4.0,60.0,all,,,
2011.0,0.0809247263592666,-0.298551269301678,0.460400722020211,2011,raw_4_60,raw,4.0,60.0,all,,,
2012.0,0.113442897533892,-0.266109971085478,0.492995766153262,2012,raw_4_60,raw,4.0,60.0,all,,,
2013.0,0.0808809309257445,-0.298894688093265,0.460656549944754,2013,raw_4_60,raw,4.0,60.0,all,,,
2014.0,0.147753402715563,-0.231839620275068,0.527346425706194,2014,raw_4_60,raw,4.0,60.0,all,,,
2015.0,0.224712781261739,-0.154450369762126,0.603875932285604,2015,raw_4_60,raw,4.0,60.0,all,,,
2016.0,0.187019355137897,-0.191623101879347,0.565661812155142,2016,raw_4_60,raw,4.0,60.0,all,,,
2017.0,0.359900035536453,-0.0181569242423984,0.737956995315303,2017,raw_4_60,raw,4.0,60.0,all,,,
2018.0,0.702482535943481,0.324870082990725,1.08009498889624,2018,raw_4_60,raw,4.0,60.0,all,,,
2019.0,0.851193978705608,0.473364226232162,1.22902373117905,2019,raw_4_60,raw,4.0,60.0,all,,,
2020.0,0.883941206661402,0.505928079836544,1.26195433348626,2020,raw_4_60,raw,4.0,60.0,all,,,
2021.0,0.959882976211508,0.582704887953211,1.33706106446981,2021,raw_4_60,raw,4.0,60.0,all,,,
1951.0,0.126400587424593,-0.320649397143875,0.57345057199306,1951,raw_5_60,raw,5.0,60.0,all,,,
1952.0,-0.192876788280118,-0.650296545313903,0.264542968753668,1952,raw_5_60,raw,5.0,60.0,all,,,
1953.0,-0.011671324748263,-0.460693027104444,0.437350377607918,1953,raw_5_60,raw,5.0,60.0,all,,,
1954.0,-0.120616174983443,-0.5798268239089,0.338594473942014,1954,raw_5_60,raw,5.0,60.0,all,,,
1955.0,0.0354626038145542,-0.456424863677278,0.527350071306386,1955,raw_5_60,raw,5.0,60.0,all,,,
1956.0,-0.280831142368095,-0.786770012831082,0.225107728094892,1956,raw_5_60,raw,5.0,60.0,all,,,
1957.0,0.0289246226004778,-0.395792585379419,0.453641830580374,1957,raw_5_60,raw,5.0,60.0,all,,,
1958.0,-0.130197813343601,-0.611630340366638,0.351234713679435,1958,raw_5_60,raw,5.0,60.0,all,,,
1959.0,-0.123823792201905,-0.566335453395196,0.318687868991386,1959,raw_5_60,raw,5.0,60.0,all,,,
1960.0,0.0779002650083905,-0.338990512562848,0.494791042579629,1960,raw_5_60,raw,5.0,60.0,all,,,
1961.0,-0.199742803018444,-0.643038618824295,0.243553012787406,1961,raw_5_60,raw,5.0,60.0,all,,,
1962.0,-0.0958003767145946,-0.497463587585251,0.305862834156061,1962,raw_5_60,raw,5.0,60.0,all,,,
1963.0,-0.174325553324373,-0.596535318327062,0.247884211678315,1963,raw_5_60,raw,5.0,60.0,all,,,
1964.0,0.0008397228506086,-0.412724083460285,0.414403529161503,1964,raw_5_60,raw,5.0,60.0,all,,,
1965.0,0.104604795301561,-0.308754098192206,0.517963688795328,1965,raw_5_60,raw,5.0,60.0,all,,,
1966.0,-0.0553831701570421,-0.466542531148923,0.355776190834839,1966,raw_5_60,raw,5.0,60.0,all,,,
1967.0,0.301631505298319,-0.136766279753649,0.740029290350286,1967,raw_5_60,raw,5.0,60.0,all,,,
1968.0,0.17533530233345,-0.245473819523058,0.596144424189957,1968,raw_5_60,raw,5.0,60.0,all,,,
1969.0,0.0055923108321566,-0.418808639866561,0.429993261530874,1969,raw_5_60,raw,5.0,60.0,all,,,
1970.0,-0.172418506190824,-0.607289020015706,0.262452007634059,1970,raw_5_60,raw,5.0,60.0,all,,,
1971.0,-0.058924777741766,-0.482029295906324,0.364179740422792,1971,raw_5_60,raw,5.0,60.0,all,,,
1972.0,0.0958731841907571,-0.315820647635839,0.507567016017353,1972,raw_5_60,raw,5.0,60.0,all,,,
1973.0,-0.0403869621935881,-0.446284863957572,0.365510939570396,1973,raw_5_60,raw,5.0,60.0,all,,,
1974.0,0.0607637533130948,-0.339628587906756,0.461156094532945,1974,raw_5_60,raw,5.0,60.0,all,,,
1975.0,0.0962611658050604,-0.306843138259548,0.499365469869669,1975,raw_5_60,raw,5.0,60.0,all,,,
1976.0,-0.0902002547705593,-0.485715292347372,0.305314782806253,1976,raw_5_60,raw,5.0,60.0,all,,,
1977.0,-0.0550733874528161,-0.446803138787497,0.336656363881865,1977,raw_5_60,raw,5.0,60.0,all,,,
1978.0,0.0700257325610992,-0.319299114254077,0.459350579376276,1978,raw_5_60,raw,5.0,60.0,all,,,
1979.0,0.0936766746371937,-0.293724119629132,0.48107746890352,1979,raw_5_60,raw,5.0,60.0,all,,,
1980.0,0.0096326851490498,-0.38444182761603,0.40370719791413,1980,raw_5_60,raw,5.0,60.0,all,,,
1981.0,0.0733227648639755,-0.325562324063907,0.472207853791858,1981,raw_5_60,raw,5.0,60.0,all,,,
1982.0,0.0239221540401638,-0.374115141844235,0.421959449924562,1982,raw_5_60,raw,5.0,60.0,all,,,
1983.0,0.199738079525026,-0.193748892608675,0.593225051658726,1983,raw_5_60,raw,5.0,60.0,all,,,
1984.0,0.0379914287177189,-0.361187893522946,0.437170750958384,1984,raw_5_60,raw,5.0,60.0,all,,,
1985.0,-0.0068076309174841,-0.401611984725124,0.387996722890155,1985,raw_5_60,raw,5.0,60.0,all,,,
1986.0,0.108411002410908,-0.279958044474445,0.49678004929626,1986,raw_5_60,raw,5.0,60.0,all,,,
1987.0,0.0652508668133474,-0.326261115639632,0.456762849266327,1987,raw_5_60,raw,5.0,60.0,all,,,
1988.0,0.0224921480154474,-0.362168690313226,0.40715298634412,1988,raw_5_60,raw,5.0,60.0,all,,,
1989.0,-0.0650421285514404,-0.455723403626754,0.325639146523873,1989,raw_5_60,raw,5.0,60.0,all,,,
1990.0,-0.0614037510618812,-0.451170669768276,0.328363167644513,1990,raw_5_60,raw,5.0,60.0,all,,,
1991.0,-0.0764135186011855,-0.462672712620884,0.309845675418512,1991,raw_5_60,raw,5.0,60.0,all,,,
1992.0,-0.0379699194681554,-0.429449676118263,0.353509837181952,1992,raw_5_60,raw,5.0,60.0,all,,,
1993.0,-0.169925099851046,-0.561648151245504,0.221797951543412,1993,raw_5_60,raw,5.0,60.0,all,,,
1994.0,-0.0920631593445551,-0.483864861311985,0.299738542622875,1994,raw_5_60,raw,5.0,60.0,all,,,
1995.0,-0.0468368553525787,-0.435498580528923,0.341824869823766,1995,raw_5_60,raw,5.0,60.0,all,,,
1996.0,-0.0329705584205703,-0.419838922735774,0.353897805894634,1996,raw_5_60,raw,5.0,60.0,all,,,
1997.0,-0.0492878238109492,-0.436634751181269,0.338059103559371,1997,raw_5_60,raw,5.0,60.0,all,,,
1998.0,-0.0386873524424361,-0.425615234080678,0.348240529195806,1998,raw_5_60,raw,5.0,60.0,all,,,
1999.0,0.0464406030680036,-0.342714781484653,0.435595987620661,1999,raw_5_60,raw,5.0,60.0,all,,,
2000.0,-0.0361369020167998,-0.424461499475353,0.352187695441753,2000,raw_5_60,raw,5.0,60.0,all,,,
2001.0,-0.0208105933397715,-0.410903300847747,0.369282114168204,2001,raw_5_60,raw,5.0,60.0,all,,,
2002.0,0.088702238431223,-0.297499642453143,0.474904119315589,2002,raw_5_60,raw,5.0,60.0,all,,,
2003.0,0.0321780175210185,-0.353843681978693,0.41819971702073,2003,raw_5_60,raw,5.0,60.0,all,,,
2004.0,0.0612418324915889,-0.324413710578995,0.446897375562173,2004,raw_5_60,raw,5.0,60.0,all,,,
2005.0,-0.045310027751892,-0.43318714086149,0.342567085357706,2005,raw_5_60,raw,5.0,60.0,all,,,
2006.0,0.154216180505538,-0.232056145845122,0.540488506856197,2006,raw_5_60,raw,5.0,60.0,all,,,
2007.0,0.0815074135819372,-0.303564184157987,0.466579011321862,2007,raw_5_60,raw,5.0,60.0,all,,,
2008.0,0.163114072450952,-0.222071194263932,0.548299339165836,2008,raw_5_60,raw,5.0,60.0,all,,,
2009.0,0.162304909030688,-0.22312300623226,0.547732824293636,2009,raw_5_60,raw,5.0,60.0,all,,,
2010.0,0.0640851953283291,-0.321445449310491,0.44961583996715,2010,raw_5_60,raw,5.0,60.0,all,,,
2011.0,0.0670961762306103,-0.317136174095252,0.451328526556473,2011,raw_5_60,raw,5.0,60.0,all,,,
2012.0,0.0933500380615053,-0.290850091726204,0.477550167849214,2012,raw_5_60,raw,5.0,60.0,all,,,
2013.0,0.0780184164443718,-0.306238343484373,0.462275176373116,2013,raw_5_60,raw,5.0,60.0,all,,,
2014.0,0.142729549023984,-0.241502766408234,0.526961864456202,2014,raw_5_60,raw,5.0,60.0,all,,,
2015.0,0.223756879760025,-0.16004234501264,0.60755610453269,2015,raw_5_60,raw,5.0,60.0,all,,,
2016.0,0.176220691668153,-0.207115052834093,0.559556436170398,2016,raw_5_60,raw,5.0,60.0,all,,,
2017.0,0.376385701228578,-0.0063817636533251,0.759153166110481,2017,raw_5_60,raw,5.0,60.0,all,,,
2018.0,0.723489346162554,0.34121889446662,1.10575979785849,2018,raw_5_60,raw,5.0,60.0,all,,,
2019.0,0.878435380852472,0.495913885829537,1.26095687587541,2019,raw_5_60,raw,5.0,60.0,all,,,
2020.0,0.913532997179143,0.530654578836671,1.29641141552162,2020,raw_5_60,raw,5.0,60.0,all,,,
2021.0,0.994213298226988,0.612246334039531,1.37618026241445,2021,raw_5_60,raw,5.0,60.0,all,,,
1951.0,0.142542638290409,-0.320626836918677,0.605712113499496,1951,raw_6_60,raw,6.0,60.0,all,,,
1952.0,-0.176572302790999,-0.6365106044135,0.283365998831502,1952,raw_6_60,raw,6.0,60.0,all,,,
1953.0,0.0194212141471992,-0.430189812170699,0.469032240465097,1953,raw_6_60,raw,6.0,60.0,all,,,
1954.0,-0.147162341114738,-0.615220072877628,0.320895390648153,1954,raw_6_60,raw,6.0,60.0,all,,,
1955.0,0.0680213546665426,-0.433573060919887,0.569615770252972,1955,raw_6_60,raw,6.0,60.0,all,,,
1956.0,-0.325038307205858,-0.828557815481421,0.178481201069706,1956,raw_6_60,raw,6.0,60.0,all,,,
1957.0,0.0308686648387845,-0.396587970740767,0.458325300418336,1957,raw_6_60,raw,6.0,60.0,all,,,
1958.0,-0.150292857491777,-0.647003877737189,0.346418162753636,1958,raw_6_60,raw,6.0,60.0,all,,,
1959.0,-0.131214572837711,-0.582683442150062,0.320254296474639,1959,raw_6_60,raw,6.0,60.0,all,,,
1960.0,0.103316226887318,-0.319307786982288,0.525940240756924,1960,raw_6_60,raw,6.0,60.0,all,,,
1961.0,-0.204784307101727,-0.656153606395591,0.246584992192136,1961,raw_6_60,raw,6.0,60.0,all,,,
1962.0,-0.0949057363075058,-0.503881002944251,0.314069530329239,1962,raw_6_60,raw,6.0,60.0,all,,,
1963.0,-0.14958260178493,-0.577919228461006,0.278754024891147,1963,raw_6_60,raw,6.0,60.0,all,,,
1964.0,0.0305046867059311,-0.387132801886994,0.448142175298857,1964,raw_6_60,raw,6.0,60.0,all,,,
1965.0,0.127317363751707,-0.288985221431561,0.543619948934974,1965,raw_6_60,raw,6.0,60.0,all,,,
1966.0,-0.0338173191882733,-0.448237803510705,0.380603165134158,1966,raw_6_60,raw,6.0,60.0,all,,,
1967.0,0.32059623036124,-0.124252357865788,0.765444818588269,1967,raw_6_60,raw,6.0,60.0,all,,,
1968.0,0.174101416132071,-0.253150484088333,0.601353316352476,1968,raw_6_60,raw,6.0,60.0,all,,,
1969.0,0.0337645666162898,-0.395074618766048,0.462603751998627,1969,raw_6_60,raw,6.0,60.0,all,,,
1970.0,-0.170435652347841,-0.610271116787223,0.269399812091541,1970,raw_6_60,raw,6.0,60.0,all,,,
1971.0,-0.0580522464395902,-0.488237405307537,0.372132912428357,1971,raw_6_60,raw,6.0,60.0,all,,,
1972.0,0.111587688838781,-0.309322414886442,0.532497792564005,1972,raw_6_60,raw,6.0,60.0,all,,,
1973.0,-0.0291067896772587,-0.4411760237866,0.382962444432082,1973,raw_6_60,raw,6.0,60.0,all,,,
1974.0,0.0676630768448646,-0.338322558186457,0.473648711876186,1974,raw_6_60,raw,6.0,60.0,all,,,
1975.0,0.137206759404,-0.269022985454561,0.543436504262562,1975,raw_6_60,raw,6.0,60.0,all,,,
1976.0,-0.0896363519295821,-0.49042636675057,0.311153662891406,1976,raw_6_60,raw,6.0,60.0,all,,,
1977.0,-0.0323168784578985,-0.429228227506238,0.364594470590441,1977,raw_6_60,raw,6.0,60.0,all,,,
1978.0,0.103062812278646,-0.289469917797608,0.495595542354901,1978,raw_6_60,raw,6.0,60.0,all,,,
1979.0,0.120923263220272,-0.268166443850983,0.510012970291526,1979,raw_6_60,raw,6.0,60.0,all,,,
1980.0,0.0197898231851264,-0.377621508670296,0.417201155040549,1980,raw_6_60,raw,6.0,60.0,all,,,
1981.0,0.100724356183617,-0.301158402435107,0.502607114802342,1981,raw_6_60,raw,6.0,60.0,all,,,
1982.0,0.0338088284328234,-0.368361317117571,0.435978973983218,1982,raw_6_60,raw,6.0,60.0,all,,,
1983.0,0.216761912615989,-0.180383296771219,0.613907122003197,1983,raw_6_60,raw,6.0,60.0,all,,,
1984.0,0.0342909224024991,-0.36881624506553,0.437398089870529,1984,raw_6_60,raw,6.0,60.0,all,,,
1985.0,0.0072820303937965,-0.391258983559979,0.405823044347572,1985,raw_6_60,raw,6.0,60.0,all,,,
1986.0,0.121085960736905,-0.270869181003764,0.513041102477574,1986,raw_6_60,raw,6.0,60.0,all,,,
1987.0,0.0737725992942227,-0.322179876442893,0.469725075031339,1987,raw_6_60,raw,6.0,60.0,all,,,
1988.0,0.047376378510296,-0.340474090803406,0.435226847823998,1988,raw_6_60,raw,6.0,60.0,all,,,
1989.0,-0.0405539685536374,-0.434535409395707,0.353427472288433,1989,raw_6_60,raw,6.0,60.0,all,,,
1990.0,-0.0370061034533344,-0.429958271166842,0.355946064260173,1990,raw_6_60,raw,6.0,60.0,all,,,
1991.0,-0.0463345789410893,-0.43592950045653,0.343260342574352,1991,raw_6_60,raw,6.0,60.0,all,,,
1992.0,-0.0079559265449363,-0.403280568536261,0.387368715446388,1992,raw_6_60,raw,6.0,60.0,all,,,
1993.0,-0.138095887071295,-0.533473457511069,0.257281683368479,1993,raw_6_60,raw,6.0,60.0,all,,,
1994.0,-0.0737358419513054,-0.468923351550041,0.32145166764743,1994,raw_6_60,raw,6.0,60.0,all,,,
1995.0,-0.0136553962928297,-0.405897479961319,0.378586687375659,1995,raw_6_60,raw,6.0,60.0,all,,,
1996.0,-0.0002636165443723,-0.390388797698635,0.38986156460989,1996,raw_6_60,raw,6.0,60.0,all,,,
1997.0,-0.0195787239533974,-0.409963269196716,0.370805821289921,1997,raw_6_60,raw,6.0,60.0,all,,,
1998.0,-0.0046529646308873,-0.394570651123363,0.385264721861588,1998,raw_6_60,raw,6.0,60.0,all,,,
1999.0,0.0836203820001051,-0.308577522954952,0.475818286955162,1999,raw_6_60,raw,6.0,60.0,all,,,
2000.0,0.0124868296370424,-0.378943552803183,0.403917212077268,2000,raw_6_60,raw,6.0,60.0,all,,,
2001.0,0.005944121048346,-0.387811210084291,0.399699452180983,2001,raw_6_60,raw,6.0,60.0,all,,,
2002.0,0.128235480897821,-0.261011210761656,0.517482172557298,2002,raw_6_60,raw,6.0,60.0,all,,,
2003.0,0.0621277078512084,-0.327297626284181,0.451553041986597,2003,raw_6_60,raw,6.0,60.0,all,,,
2004.0,0.0896898819578246,-0.29918135334645,0.478561117262099,2004,raw_6_60,raw,6.0,60.0,all,,,
2005.0,-0.0193735419878362,-0.410288420303276,0.371541336327603,2005,raw_6_60,raw,6.0,60.0,all,,,
2006.0,0.18715159113279,-0.201634794560848,0.575937976826429,2006,raw_6_60,raw,6.0,60.0,all,,,
2007.0,0.103147758038409,-0.285086194754963,0.49138171083178,2007,raw_6_60,raw,6.0,60.0,all,,,
2008.0,0.196428216217869,-0.191776688566398,0.584633121002136,2008,raw_6_60,raw,6.0,60.0,all,,,
2009.0,0.195859387568519,-0.192562639422531,0.58428141455957,2009,raw_6_60,raw,6.0,60.0,all,,,
2010.0,0.0986906588052103,-0.289927365423171,0.487308683033592,2010,raw_6_60,raw,6.0,60.0,all,,,
2011.0,0.111429625839359,-0.275701502898313,0.498560754577032,2011,raw_6_60,raw,6.0,60.0,all,,,
2012.0,0.143115092266542,-0.244040911413801,0.530271095946885,2012,raw_6_60,raw,6.0,60.0,all,,,
2013.0,0.115236434981635,-0.271974390676706,0.502447260639976,2013,raw_6_60,raw,6.0,60.0,all,,,
2014.0,0.183825302588768,-0.203424188346615,0.571074793524152,2014,raw_6_60,raw,6.0,60.0,all,,,
2015.0,0.268432326946716,-0.118181935159219,0.655046589052651,2015,raw_6_60,raw,6.0,60.0,all,,,
2016.0,0.218748310191813,-0.167474189497755,0.604970809881381,2016,raw_6_60,raw,6.0,60.0,all,,,
2017.0,0.416734582721849,0.0311020252533287,0.802367140190369,2017,raw_6_60,raw,6.0,60.0,all,,,
2018.0,0.763278180757575,0.378257933526837,1.14829842798831,2018,raw_6_60,raw,6.0,60.0,all,,,
2019.0,0.904964849720659,0.519598599814018,1.2903310996273,2019,raw_6_60,raw,6.0,60.0,all,,,
2020.0,0.941199635288217,0.555512919060246,1.32688635151619,2020,raw_6_60,raw,6.0,60.0,all,,,
2021.0,1.0205555232991,0.635921867769855,1.40518917882835,2021,raw_6_60,raw,6.0,60.0,all,,,
1951.0,0.158543955382127,-0.330315489619776,0.647403400384029,1951,raw_8_60,raw,8.0,60.0,all,,,
1952.0,-0.146832636664824,-0.635407114842664,0.341741841513016,1952,raw_8_60,raw,8.0,60.0,all,,,
1953.0,0.0981580466565164,-0.3875142566981,0.583830350011132,1953,raw_8_60,raw,8.0,60.0,all,,,
1954.0,-0.105239608540144,-0.592402367955127,0.381923150874838,1954,raw_8_60,raw,8.0,60.0,all,,,
1955.0,0.0766408457444158,-0.470575315526492,0.623857007015324,1955,raw_8_60,raw,8.0,60.0,all,,,
1956.0,-0.325922329593922,-0.858751817075721,0.206907157887877,1956,raw_8_60,raw,8.0,60.0,all,,,
1957.0,0.0693971649443471,-0.383770236088277,0.522564565976972,1957,raw_8_60,raw,8.0,60.0,all,,,
1958.0,-0.0780872293891152,-0.60107895877429,0.44490449999606,1958,raw_8_60,raw,8.0,60.0,all,,,
1959.0,-0.119384783246429,-0.591647211395066,0.352877644902208,1959,raw_8_60,raw,8.0,60.0,all,,,
1960.0,0.120610209394978,-0.330394473286462,0.571614892076417,1960,raw_8_60,raw,8.0,60.0,all,,,
1961.0,-0.198983166435512,-0.675548482383602,0.277582149512577,1961,raw_8_60,raw,8.0,60.0,all,,,
1962.0,-0.051092096479732,-0.488741090162922,0.386556897203458,1962,raw_8_60,raw,8.0,60.0,all,,,
1963.0,-0.156322682535851,-0.624002837246183,0.311357472174481,1963,raw_8_60,raw,8.0,60.0,all,,,
1964.0,0.0764351847720911,-0.374572570014255,0.527442939558437,1964,raw_8_60,raw,8.0,60.0,all,,,
1965.0,0.112925674285966,-0.330492982259752,0.556344330831684,1965,raw_8_60,raw,8.0,60.0,all,,,
1966.0,-0.0264438108106136,-0.459274289882939,0.406386668261712,1966,raw_8_60,raw,8.0,60.0,all,,,
1967.0,0.387283902954665,-0.0811524642910826,0.855720270200413,1967,raw_8_60,raw,8.0,60.0,all,,,
1968.0,0.208440514650461,-0.240545290872914,0.657426320173836,1968,raw_8_60,raw,8.0,60.0,all,,,
1969.0,0.0566995154135285,-0.397263047751613,0.51066207857867,1969,raw_8_60,raw,8.0,60.0,all,,,
1970.0,-0.150062746388086,-0.611408318947452,0.311282826171279,1970,raw_8_60,raw,8.0,60.0,all,,,
1971.0,0.0207203557193298,-0.430915489714872,0.472356201153532,1971,raw_8_60,raw,8.0,60.0,all,,,
1972.0,0.173387678021827,-0.275402041345716,0.622177397389371,1972,raw_8_60,raw,8.0,60.0,all,,,
1973.0,-0.0095034085095503,-0.446877402743876,0.427870585724775,1973,raw_8_60,raw,8.0,60.0,all,,,
1974.0,0.115896792890772,-0.318762370351641,0.550555956133185,1974,raw_8_60,raw,8.0,60.0,all,,,
1975.0,0.163754636947689,-0.266443595928208,0.593952869823585,1975,raw_8_60,raw,8.0,60.0,all,,,
1976.0,-0.0607278887414042,-0.492246022060014,0.370790244577206,1976,raw_8_60,raw,8.0,60.0,all,,,
1977.0,0.0056487766346776,-0.417229150501137,0.428526703770492,1977,raw_8_60,raw,8.0,60.0,all,,,
1978.0,0.145631277858519,-0.274218123103525,0.565480678820563,1978,raw_8_60,raw,8.0,60.0,all,,,
1979.0,0.122656908250945,-0.295245362986741,0.540559179488631,1979,raw_8_60,raw,8.0,60.0,all,,,
1980.0,0.0370548202465249,-0.387978552619086,0.462088193112136,1980,raw_8_60,raw,8.0,60.0,all,,,
1981.0,0.128537275013987,-0.299891006935946,0.55696555696392,1981,raw_8_60,raw,8.0,60.0,all,,,
1982.0,0.0428886802294341,-0.387688588115801,0.473465948574669,1982,raw_8_60,raw,8.0,60.0,all,,,
1983.0,0.250098967738154,-0.175065663004227,0.675263598480534,1983,raw_8_60,raw,8.0,60.0,all,,,
1984.0,0.0467453773711981,-0.38415236122448,0.477643115966877,1984,raw_8_60,raw,8.0,60.0,all,,,
1985.0,0.0118164629023293,-0.413797971328662,0.43743089713332,1985,raw_8_60,raw,8.0,60.0,all,,,
1986.0,0.145711798362774,-0.274153745521005,0.565577342246553,1986,raw_8_60,raw,8.0,60.0,all,,,
1987.0,0.0952280084400545,-0.328629295354977,0.519085312235086,1987,raw_8_60,raw,8.0,60.0,all,,,
1988.0,0.104405487665311,-0.311527449361153,0.520338424691776,1988,raw_8_60,raw,8.0,60.0,all,,,
1989.0,-0.0124476830184859,-0.435281299693691,0.410385933656719,1989,raw_8_60,raw,8.0,60.0,all,,,
1990.0,0.0029778134475678,-0.418098875582104,0.42405450247724,1990,raw_8_60,raw,8.0,60.0,all,,,
1991.0,-0.0049314684547885,-0.422721339150348,0.412858402240771,1991,raw_8_60,raw,8.0,60.0,all,,,
1992.0,0.0329616097331836,-0.389075765151005,0.454998984617372,1992,raw_8_60,raw,8.0,60.0,all,,,
1993.0,-0.0960664764126829,-0.519774193154917,0.327641240329551,1993,raw_8_60,raw,8.0,60.0,all,,,
1994.0,-0.0079262911143462,-0.430100315485103,0.414247733256411,1994,raw_8_60,raw,8.0,60.0,all,,,
1995.0,0.0395302330850438,-0.379757698205608,0.458818164375696,1995,raw_8_60,raw,8.0,60.0,all,,,
1996.0,0.0828657224493751,-0.334435669276595,0.500167114175345,1996,raw_8_60,raw,8.0,60.0,all,,,
1997.0,0.0692562002715262,-0.348964112095727,0.48747651263878,1997,raw_8_60,raw,8.0,60.0,all,,,
1998.0,0.0729048331711551,-0.344241731824429,0.490051398166739,1998,raw_8_60,raw,8.0,60.0,all,,,
1999.0,0.159637803204465,-0.260115933659649,0.579391540068578,1999,raw_8_60,raw,8.0,60.0,all,,,
2000.0,0.101879464977843,-0.316835228739744,0.520594158695431,2000,raw_8_60,raw,8.0,60.0,all,,,
2001.0,0.0698136328570531,-0.351760051717413,0.49138731743152,2001,raw_8_60,raw,8.0,60.0,all,,,
2002.0,0.204520176817771,-0.212353643585193,0.621393997220736,2002,raw_8_60,raw,8.0,60.0,all,,,
2003.0,0.142060507704058,-0.274695322413968,0.558816337822084,2003,raw_8_60,raw,8.0,60.0,all,,,
2004.0,0.157138558885045,-0.259050971586612,0.573328089356702,2004,raw_8_60,raw,8.0,60.0,all,,,
2005.0,0.0492575086002166,-0.369060349804186,0.46757536700462,2005,raw_8_60,raw,8.0,60.0,all,,,
2006.0,0.253146523955435,-0.163370744324037,0.669663792234906,2006,raw_8_60,raw,8.0,60.0,all,,,
2007.0,0.174911838101569,-0.240653808836436,0.590477485039575,2007,raw_8_60,raw,8.0,60.0,all,,,
2008.0,0.274005799813922,-0.141615232944434,0.689626832572279,2008,raw_8_60,raw,8.0,60.0,all,,,
2009.0,0.259842829322296,-0.155447548628922,0.675133207273513,2009,raw_8_60,raw,8.0,60.0,all,,,
2010.0,0.166548896290391,-0.249416140746027,0.582513933326809,2010,raw_8_60,raw,8.0,60.0,all,,,
2011.0,0.171574764252976,-0.243051801322791,0.586201329828743,2011,raw_8_60,raw,8.0,60.0,all,,,
2012.0,0.193678570609939,-0.220504858264873,0.607861999484751,2012,raw_8_60,raw,8.0,60.0,all,,,
2013.0,0.177036668318384,-0.23749368270291,0.591567019339679,2013,raw_8_60,raw,8.0,60.0,all,,,
2014.0,0.231393439312904,-0.183440177557357,0.646227056183166,2014,raw_8_60,raw,8.0,60.0,all,,,
2015.0,0.307376007720894,-0.10661176144243,0.721363776884218,2015,raw_8_60,raw,8.0,60.0,all,,,
2016.0,0.251550976558921,-0.162159352192347,0.66526130531019,2016,raw_8_60,raw,8.0,60.0,all,,,
2017.0,0.460049253020767,0.0469658618904625,0.873132644151072,2017,raw_8_60,raw,8.0,60.0,all,,,
2018.0,0.814982687129853,0.402674959819438,1.22729041444027,2018,raw_8_60,raw,8.0,60.0,all,,,
2019.0,0.928328565576306,0.515690098947665,1.34096703220495,2019,raw_8_60,raw,8.0,60.0,all,,,
2020.0,0.956394887498173,0.543265526074768,1.36952424892158,2020,raw_8_60,raw,8.0,60.0,all,,,
2021.0,1.03203803207413,0.619922411751668,1.44415365239659,2021,raw_8_60,raw,8.0,60.0,all,,,
1951.0,0.244154984239002,-0.316533357137305,0.804843325615308,1951,raw_11_60,raw,11.0,60.0,all,,,
1952.0,-0.0350547246944828,-0.592522480696047,0.522413031307082,1952,raw_11_60,raw,11.0,60.0,all,,,
1953.0,0.233560627316925,-0.311987867603179,0.779109122237028,1953,raw_11_60,raw,11.0,60.0,all,,,
1954.0,-0.0866516950093854,-0.627339768006097,0.454036377987326,1954,raw_11_60,raw,11.0,60.0,all,,,
1955.0,0.121106651902358,-0.491884774430317,0.734098078235033,1955,raw_11_60,raw,11.0,60.0,all,,,
1956.0,-0.301443206266398,-0.891799445799509,0.288913033266712,1956,raw_11_60,raw,11.0,60.0,all,,,
1957.0,0.085061876742437,-0.430231328423288,0.600355081908162,1957,raw_11_60,raw,11.0,60.0,all,,,
1958.0,0.0259716631759171,-0.556702536784339,0.608645863136173,1958,raw_11_60,raw,11.0,60.0,all,,,
1959.0,-0.107002122065725,-0.643447012505193,0.429442768373742,1959,raw_11_60,raw,11.0,60.0,all,,,
1960.0,0.173032532555054,-0.340327993503253,0.68639305861336,1960,raw_11_60,raw,11.0,60.0,all,,,
1961.0,-0.17467407830518,-0.713683539168689,0.364335382558329,1961,raw_11_60,raw,11.0,60.0,all,,,
1962.0,-0.0122833877400786,-0.515353293501969,0.490786518021811,1962,raw_11_60,raw,11.0,60.0,all,,,
1963.0,-0.117692738876183,-0.658309371073552,0.422923893321186,1963,raw_11_60,raw,11.0,60.0,all,,,
1964.0,0.12417743210906,-0.388720648621668,0.637075512839788,1964,raw_11_60,raw,11.0,60.0,all,,,
1965.0,0.219261218379951,-0.287379820441079,0.72590225720098,1965,raw_11_60,raw,11.0,60.0,all,,,
1966.0,0.0386673515456317,-0.449340552335471,0.526675255426734,1966,raw_11_60,raw,11.0,60.0,all,,,
1967.0,0.438191990098924,-0.0944196683293803,0.970803648527228,1967,raw_11_60,raw,11.0,60.0,all,,,
1968.0,0.255503161568992,-0.257476867176315,0.768483190314298,1968,raw_11_60,raw,11.0,60.0,all,,,
1969.0,0.0795942023209432,-0.442866142567645,0.602054547209531,1969,raw_11_60,raw,11.0,60.0,all,,,
1970.0,-0.136195218906448,-0.653463631591432,0.381073193778536,1970,raw_11_60,raw,11.0,60.0,all,,,
1971.0,0.12003642523908,-0.390386676987655,0.630459527465815,1971,raw_11_60,raw,11.0,60.0,all,,,
1972.0,0.165455757595697,-0.350944378898026,0.681855894089419,1972,raw_11_60,raw,11.0,60.0,all,,,
1973.0,0.0189995881850328,-0.478027933313189,0.516027109683255,1973,raw_11_60,raw,11.0,60.0,all,,,
1974.0,0.139833544099389,-0.358866743026911,0.638533831225688,1974,raw_11_60,raw,11.0,60.0,all,,,
1975.0,0.175832626727774,-0.317033227943459,0.668698481399006,1975,raw_11_60,raw,11.0,60.0,all,,,
1976.0,-0.0516197758360494,-0.546717000872289,0.44347744920019,1976,raw_11_60,raw,11.0,60.0,all,,,
1977.0,0.0852702328848434,-0.39565168320472,0.566192148974407,1977,raw_11_60,raw,11.0,60.0,all,,,
1978.0,0.190905122632489,-0.292368583131242,0.674178828396221,1978,raw_11_60,raw,11.0,60.0,all,,,
1979.0,0.193318408395863,-0.288275853243941,0.674912670035667,1979,raw_11_60,raw,11.0,60.0,all,,,
1980.0,0.0774196599855151,-0.413631859944451,0.568471179915481,1980,raw_11_60,raw,11.0,60.0,all,,,
1981.0,0.17656486047689,-0.317503957085822,0.670633678039601,1981,raw_11_60,raw,11.0,60.0,all,,,
1982.0,0.0473329298433871,-0.453006130327569,0.547671990014343,1982,raw_11_60,raw,11.0,60.0,all,,,
1983.0,0.30347742022355,-0.184627166178636,0.791582006625737,1983,raw_11_60,raw,11.0,60.0,all,,,
1984.0,0.0522780540870322,-0.443908759267632,0.548464867441696,1984,raw_11_60,raw,11.0,60.0,all,,,
1985.0,0.0366467432347672,-0.455336743258755,0.528630229728289,1985,raw_11_60,raw,11.0,60.0,all,,,
1986.0,0.187484522996814,-0.298964542122491,0.673933588116119,1986,raw_11_60,raw,11.0,60.0,all,,,
1987.0,0.108133065311843,-0.381297090922311,0.597563221545998,1987,raw_11_60,raw,11.0,60.0,all,,,
1988.0,0.124974611301887,-0.355040436868991,0.604989659472764,1988,raw_11_60,raw,11.0,60.0,all,,,
1989.0,0.0195781782314161,-0.468146858371054,0.507303214833886,1989,raw_11_60,raw,11.0,60.0,all,,,
1990.0,0.0536937237596375,-0.432026306696048,0.539413754215324,1990,raw_11_60,raw,11.0,60.0,all,,,
1991.0,0.0406416695788712,-0.443771454959165,0.525054794116908,1991,raw_11_60,raw,11.0,60.0,all,,,
1992.0,0.0524912482608045,-0.433103439180355,0.538085935701964,1992,raw_11_60,raw,11.0,60.0,all,,,
1993.0,-0.0439291195178138,-0.532350607704407,0.44449236866878,1993,raw_11_60,raw,11.0,60.0,all,,,
1994.0,0.0264423813259984,-0.461115464665774,0.514000227317771,1994,raw_11_60,raw,11.0,60.0,all,,,
1995.0,0.0885125976866722,-0.396205676747858,0.573230872121203,1995,raw_11_60,raw,11.0,60.0,all,,,
1996.0,0.154223723952029,-0.328083640896626,0.636531088800684,1996,raw_11_60,raw,11.0,60.0,all,,,
1997.0,0.115139072881478,-0.368147850205342,0.598425995968298,1997,raw_11_60,raw,11.0,60.0,all,,,
1998.0,0.137523384444603,-0.344698950767279,0.619745719656484,1998,raw_11_60,raw,11.0,60.0,all,,,
1999.0,0.227381216341688,-0.257418045391055,0.712180478074432,1999,raw_11_60,raw,11.0,60.0,all,,,
2000.0,0.165007556705659,-0.319226014198136,0.649241127609454,2000,raw_11_60,raw,11.0,60.0,all,,,
2001.0,0.147061819618919,-0.339130828903647,0.633254468141485,2001,raw_11_60,raw,11.0,60.0,all,,,
2002.0,0.253385698949039,-0.229174860044556,0.735946257942634,2002,raw_11_60,raw,11.0,60.0,all,,,
2003.0,0.197520731138999,-0.284235391862419,0.679276854140418,2003,raw_11_60,raw,11.0,60.0,all,,,
2004.0,0.204564597350086,-0.276520669584217,0.685649864284388,2004,raw_11_60,raw,11.0,60.0,all,,,
2005.0,0.126447074249869,-0.356356388486854,0.609250536986592,2005,raw_11_60,raw,11.0,60.0,all,,,
2006.0,0.296276368504299,-0.18556996298895,0.778122699997548,2006,raw_11_60,raw,11.0,60.0,all,,,
2007.0,0.198213284222557,-0.282776190269029,0.679202758714143,2007,raw_11_60,raw,11.0,60.0,all,,,
2008.0,0.327180125981657,-0.15330897830373,0.807669230267045,2008,raw_11_60,raw,11.0,60.0,all,,,
2009.0,0.31633133203656,-0.164018498749176,0.796681162822295,2009,raw_11_60,raw,11.0,60.0,all,,,
2010.0,0.214566516441106,-0.266626957934867,0.695759990817079,2010,raw_11_60,raw,11.0,60.0,all,,,
2011.0,0.228891489455722,-0.250714090985267,0.708497069896711,2011,raw_11_60,raw,11.0,60.0,all,,,
2012.0,0.271992280638756,-0.207453649770083,0.751438211047594,2012,raw_11_60,raw,11.0,60.0,all,,,
2013.0,0.235668121655881,-0.244037080716895,0.715373324028657,2013,raw_11_60,raw,11.0,60.0,all,,,
2014.0,0.286242106737989,-0.193359198335212,0.76584341181119,2014,raw_11_60,raw,11.0,60.0,all,,,
2015.0,0.344385306239688,-0.134847725950866,0.823618338430242,2015,raw_11_60,raw,11.0,60.0,all,,,
2016.0,0.310402979415154,-0.168226384379784,0.789032343210092,2016,raw_11_60,raw,11.0,60.0,all,,,
2017.0,0.498352623922889,0.0202949923647719,0.976410255481005,2017,raw_11_60,raw,11.0,60.0,all,,,
2018.0,0.830315040439235,0.35273699137175,1.30789308950672,2018,raw_11_60,raw,11.0,60.0,all,,,
2019.0,0.951616878866483,0.473915216568708,1.42931854116426,2019,raw_11_60,raw,11.0,60.0,all,,,
2020.0,0.952930604273817,0.474565586865078,1.43129562168255,2020,raw_11_60,raw,11.0,60.0,all,,,
2021.0,1.04085920654122,0.563434742320579,1.51828367076187,2021,raw_11_60,raw,11.0,60.0,all,,,
,0.07727036299507589,,,1951,raw_2_60_affine,affine,,,,raw_2_60,0.00223871656808074,0.9404497155357116
,-0.17215004056372565,,,1952,raw_2_60_affine,affine,,,,raw_2_60,0.00223871656808074,0.9404497155357116
,-0.0037496893664911717,,,1953,raw_2_60_affine,affine,,,,raw_2_60,0.00223871656808074,0.9404497155357116
,-0.13129315490836355,,,1954,raw_2_60_affine,affine,,,,raw_2_60,0.00223871656808074,0.9404497155357116
,-0.02458302228306526,,,1955,raw_2_60_affine,affine,,,,raw_2_60,0.00223871656808074,0.9404497155357116
,-0.2323580270982861,,,1956,raw_2_60_affine,affine,,,,raw_2_60,0.00223871656808074,0.9404497155357116
,0.013790739969844078,,,1957,raw_2_60_affine,affine,,,,raw_2_60,0.00223871656808074,0.9404497155357116
,-0.1430365723026651,,,1958,raw_2_60_affine,affine,,,,raw_2_60,0.00223871656808074,0.9404497155357116
,-0.11882476902946436,,,1959,raw_2_60_affine,affine,,,,raw_2_60,0.00223871656808074,0.9404497155357116
,0.05309705887118929,,,1960,raw_2_60_affine,affine,,,,raw_2_60,0.00223871656808074,0.9404497155357116
,-0.1692793015776219,,,1961,raw_2_60_affine,affine,,,,raw_2_60,0.00223871656808074,0.9404497155357116
,-0.08313144267300963,,,1962,raw_2_60_affine,affine,,,,raw_2_60,0.00223871656808074,0.9404497155357116
,-0.1655410118159242,,,1963,raw_2_60_affine,affine,,,,raw_2_60,0.00223871656808074,0.9404497155357116
,0.006541101441064004,,,1964,raw_2_60_affine,affine,,,,raw_2_60,0.00223871656808074,0.9404497155357116
,0.04904570953257176,,,1965,raw_2_60_affine,affine,,,,raw_2_60,0.00223871656808074,0.9404497155357116
,-0.08292669419570375,,,1966,raw_2_60_affine,affine,,,,raw_2_60,0.00223871656808074,0.9404497155357116
,0.20437783819349958,,,1967,raw_2_60_affine,affine,,,,raw_2_60,0.00223871656808074,0.9404497155357116
,0.0905854617408428,,,1968,raw_2_60_affine,affine,,,,raw_2_60,0.00223871656808074,0.9404497155357116
,-0.05015294480353424,,,1969,raw_2_60_affine,affine,,,,raw_2_60,0.00223871656808074,0.9404497155357116
,-0.17496364132556608,,,1970,raw_2_60_affine,affine,,,,raw_2_60,0.00223871656808074,0.9404497155357116
,-0.04014013463035423,,,1971,raw_2_60_affine,affine,,,,raw_2_60,0.00223871656808074,0.9404497155357116
,0.08138870685109391,,,1972,raw_2_60_affine,affine,,,,raw_2_60,0.00223871656808074,0.9404497155357116
,-0.03830148253836166,,,1973,raw_2_60_affine,affine,,,,raw_2_60,0.00223871656808074,0.9404497155357116
,0.053867261828851036,,,1974,raw_2_60_affine,affine,,,,raw_2_60,0.00223871656808074,0.9404497155357116
,0.06397786417007245,,,1975,raw_2_60_affine,affine,,,,raw_2_60,0.00223871656808074,0.9404497155357116
,-0.044873484811806044,,,1976,raw_2_60_affine,affine,,,,raw_2_60,0.00223871656808074,0.9404497155357116
,-0.04617585528953209,,,1977,raw_2_60_affine,affine,,,,raw_2_60,0.00223871656808074,0.9404497155357116
,0.06084617899561744,,,1978,raw_2_60_affine,affine,,,,raw_2_60,0.00223871656808074,0.9404497155357116
,0.07929710297480018,,,1979,raw_2_60_affine,affine,,,,raw_2_60,0.00223871656808074,0.9404497155357116
,0.00814105009382916,,,1980,raw_2_60_affine,affine,,,,raw_2_60,0.00223871656808074,0.9404497155357116
,0.07192478195982399,,,1981,raw_2_60_affine,affine,,,,raw_2_60,0.00223871656808074,0.9404497155357116
,0.028572896856640044,,,1982,raw_2_60_affine,affine,,,,raw_2_60,0.00223871656808074,0.9404497155357116
,0.1620482723281025,,,1983,raw_2_60_affine,affine,,,,raw_2_60,0.00223871656808074,0.9404497155357116
,0.03594521221834925,,,1984,raw_2_60_affine,affine,,,,raw_2_60,0.00223871656808074,0.9404497155357116
,0.003056839234724115,,,1985,raw_2_60_affine,affine,,,,raw_2_60,0.00223871656808074,0.9404497155357116
,0.10073960035632076,,,1986,raw_2_60_affine,affine,,,,raw_2_60,0.00223871656808074,0.9404497155357116
,0.09416216754876429,,,1987,raw_2_60_affine,affine,,,,raw_2_60,0.00223871656808074,0.9404497155357116
,0.055354490932161514,,,1988,raw_2_60_affine,affine,,,,raw_2_60,0.00223871656808074,0.9404497155357116
,-0.017690390430016266,,,1989,raw_2_60_affine,affine,,,,raw_2_60,0.00223871656808074,0.9404497155357116
,-0.010988775653992075,,,1990,raw_2_60_affine,affine,,,,raw_2_60,0.00223871656808074,0.9404497155357116
,-0.019991293775185288,,,1991,raw_2_60_affine,affine,,,,raw_2_60,0.00223871656808074,0.9404497155357116
,0.015155754989555886,,,1992,raw_2_60_affine,affine,,,,raw_2_60,0.00223871656808074,0.9404497155357116
,-0.0995151758823503,,,1993,raw_2_60_affine,affine,,,,raw_2_60,0.00223871656808074,0.9404497155357116
,-0.041646127616069666,,,1994,raw_2_60_affine,affine,,,,raw_2_60,0.00223871656808074,0.9404497155357116
,0.007994124129954374,,,1995,raw_2_60_affine,affine,,,,raw_2_60,0.00223871656808074,0.9404497155357116
,0.021141019876357938,,,1996,raw_2_60_affine,affine,,,,raw_2_60,0.00223871656808074,0.9404497155357116
,-0.00048212059489141776,,,1997,raw_2_60_affine,affine,,,,raw_2_60,0.00223871656808074,0.9404497155357116
,-0.002259765635350263,,,1998,raw_2_60_affine,affine,,,,raw_2_60,0.00223871656808074,0.9404497155357116
,0.07633455615744154,,,1999,raw_2_60_affine,affine,,,,raw_2_60,0.00223871656808074,0.9404497155357116
,-0.0036556564643456424,,,2000,raw_2_60_affine,affine,,,,raw_2_60,0.00223871656808074,0.9404497155357116
,0.014232009890318338,,,2001,raw_2_60_affine,affine,,,,raw_2_60,0.00223871656808074,0.9404497155357116
,0.10306896607573453,,,2002,raw_2_60_affine,affine,,,,raw_2_60,0.00223871656808074,0.9404497155357116
,0.05372272962594406,,,2003,raw_2_60_affine,affine,,,,raw_2_60,0.00223871656808074,0.9404497155357116
,0.07037127106956155,,,2004,raw_2_60_affine,affine,,,,raw_2_60,0.00223871656808074,0.9404497155357116
,-0.026240315827864426,,,2005,raw_2_60_affine,affine,,,,raw_2_60,0.00223871656808074,0.9404497155357116
,0.1306959222352876,,,2006,raw_2_60_affine,affine,,,,raw_2_60,0.00223871656808074,0.9404497155357116
,0.08162982176940164,,,2007,raw_2_60_affine,affine,,,,raw_2_60,0.00223871656808074,0.9404497155357116
,0.16097352167453355,,,2008,raw_2_60_affine,affine,,,,raw_2_60,0.00223871656808074,0.9404497155357116
,0.172643008314565,,,2009,raw_2_60_affine,affine,,,,raw_2_60,0.00223871656808074,0.9404497155357116
,0.08653644710698773,,,2010,raw_2_60_affine,affine,,,,raw_2_60,0.00223871656808074,0.9404497155357116
,0.09553295453774191,,,2011,raw_2_60_affine,affine,,,,raw_2_60,0.00223871656808074,0.9404497155357116
,0.11139236663695634,,,2012,raw_2_60_affine,affine,,,,raw_2_60,0.00223871656808074,0.9404497155357116
,0.07922626254407682,,,2013,raw_2_60_affine,affine,,,,raw_2_60,0.00223871656808074,0.9404497155357116
,0.13439021479214167,,,2014,raw_2_60_affine,affine,,,,raw_2_60,0.00223871656808074,0.9404497155357116
,0.19984078623230808,,,2015,raw_2_60_affine,affine,,,,raw_2_60,0.00223871656808074,0.9404497155357116
,0.1668624264417334,,,2016,raw_2_60_affine,affine,,,,raw_2_60,0.00223871656808074,0.9404497155357116
,0.30103613423692727,,,2017,raw_2_60_affine,affine,,,,raw_2_60,0.00223871656808074,0.9404497155357116
,0.6037212227216101,,,2018,raw_2_60_affine,affine,,,,raw_2_60,0.00223871656808074,0.9404497155357116
,0.7262884579554711,,,2019,raw_2_60_affine,affine,,,,raw_2_60,0.00223871656808074,0.9404497155357116
,0.7526556589683852,,,2020,raw_2_60_affine,affine,,,,raw_2_60,0.00223871656808074,0.9404497155357116
,0.8222583080815637,,,2021,raw_2_60_affine,affine,,,,raw_2_60,0.00223871656808074,0.9404497155357116
,0.02622223138881817,,,1951,raw_2_50_affine,affine,,,,raw_2_50,-0.007142246119646665,0.7573686598402111
,-0.28769859329042274,,,1952,raw_2_50_affine,affine,,,,raw_2_50,-0.007142246119646665,0.7573686598402111
,-0.04419840843642495,,,1953,raw_2_50_affine,affine,,,,raw_2_50,-0.007142246119646665,0.7573686598402111
,-0.15320097451042225,,,1954,raw_2_50_affine,affine,,,,raw_2_50,-0.007142246119646665,0.7573686598402111
,-0.03741464670965396,,,1955,raw_2_50_affine,affine,,,,raw_2_50,-0.007142246119646665,0.7573686598402111
,-0.14249507699261782,,,1956,raw_2_50_affine,affine,,,,raw_2_50,-0.007142246119646665,0.7573686598402111
,0.027569943683088217,,,1957,raw_2_50_affine,affine,,,,raw_2_50,-0.007142246119646665,0.7573686598402111
,-0.13291117027869073,,,1958,raw_2_50_affine,affine,,,,raw_2_50,-0.007142246119646665,0.7573686598402111
,-0.09472791395745188,,,1959,raw_2_50_affine,affine,,,,raw_2_50,-0.007142246119646665,0.7573686598402111
,-0.013285113323758395,,,1960,raw_2_50_affine,affine,,,,raw_2_50,-0.007142246119646665,0.7573686598402111
,-0.1534971996548248,,,1961,raw_2_50_affine,affine,,,,raw_2_50,-0.007142246119646665,0.7573686598402111
,-0.11425661414600136,,,1962,raw_2_50_affine,affine,,,,raw_2_50,-0.007142246119646665,0.7573686598402111
,-0.13800317690078415,,,1963,raw_2_50_affine,affine,,,,raw_2_50,-0.007142246119646665,0.7573686598402111
,-0.016949201076175844,,,1964,raw_2_50_affine,affine,,,,raw_2_50,-0.007142246119646665,0.7573686598402111
,0.05031896189905084,,,1965,raw_2_50_affine,affine,,,,raw_2_50,-0.007142246119646665,0.7573686598402111
,-0.04425414713688918,,,1966,raw_2_50_affine,affine,,,,raw_2_50,-0.007142246119646665,0.7573686598402111
,0.18756684344292454,,,1967,raw_2_50_affine,affine,,,,raw_2_50,-0.007142246119646665,0.7573686598402111
,0.10291841595485009,,,1968,raw_2_50_affine,affine,,,,raw_2_50,-0.007142246119646665,0.7573686598402111
,-0.09073156006544883,,,1969,raw_2_50_affine,affine,,,,raw_2_50,-0.007142246119646665,0.7573686598402111
,-0.0965752697490315,,,1970,raw_2_50_affine,affine,,,,raw_2_50,-0.007142246119646665,0.7573686598402111
,-0.05472988602175361,,,1971,raw_2_50_affine,affine,,,,raw_2_50,-0.007142246119646665,0.7573686598402111
,0.062466638583548485,,,1972,raw_2_50_affine,affine,,,,raw_2_50,-0.007142246119646665,0.7573686598402111
,-0.0006136114163064728,,,1973,raw_2_50_affine,affine,,,,raw_2_50,-0.007142246119646665,0.7573686598402111
,0.059381981943042915,,,1974,raw_2_50_affine,affine,,,,raw_2_50,-0.007142246119646665,0.7573686598402111
,0.07792451731734412,,,1975,raw_2_50_affine,affine,,,,raw_2_50,-0.007142246119646665,0.7573686598402111
,-0.01799527176778549,,,1976,raw_2_50_affine,affine,,,,raw_2_50,-0.007142246119646665,0.7573686598402111
,-0.026427873074926386,,,1977,raw_2_50_affine,affine,,,,raw_2_50,-0.007142246119646665,0.7573686598402111
,0.054178669955298395,,,1978,raw_2_50_affine,affine,,,,raw_2_50,-0.007142246119646665,0.7573686598402111
,0.07106777281056452,,,1979,raw_2_50_affine,affine,,,,raw_2_50,-0.007142246119646665,0.7573686598402111
,0.02849203939143731,,,1980,raw_2_50_affine,affine,,,,raw_2_50,-0.007142246119646665,0.7573686598402111
,0.06510925585331694,,,1981,raw_2_50_affine,affine,,,,raw_2_50,-0.007142246119646665,0.7573686598402111
,0.04367578957908713,,,1982,raw_2_50_affine,affine,,,,raw_2_50,-0.007142246119646665,0.7573686598402111
,0.1528179691224135,,,1983,raw_2_50_affine,affine,,,,raw_2_50,-0.007142246119646665,0.7573686598402111
,0.019228114843238518,,,1984,raw_2_50_affine,affine,,,,raw_2_50,-0.007142246119646665,0.7573686598402111
,0.04002622705799441,,,1985,raw_2_50_affine,affine,,,,raw_2_50,-0.007142246119646665,0.7573686598402111
,0.12243723183601994,,,1986,raw_2_50_affine,affine,,,,raw_2_50,-0.007142246119646665,0.7573686598402111
,0.11000130492322904,,,1987,raw_2_50_affine,affine,,,,raw_2_50,-0.007142246119646665,0.7573686598402111
,0.05822935123770331,,,1988,raw_2_50_affine,affine,,,,raw_2_50,-0.007142246119646665,0.7573686598402111
,-0.019236372790117955,,,1989,raw_2_50_affine,affine,,,,raw_2_50,-0.007142246119646665,0.7573686598402111
,0.06436995787385234,,,1990,raw_2_50_affine,affine,,,,raw_2_50,-0.007142246119646665,0.7573686598402111
,-0.007767173757019663,,,1991,raw_2_50_affine,affine,,,,raw_2_50,-0.007142246119646665,0.7573686598402111
,0.01506893623148112,,,1992,raw_2_50_affine,affine,,,,raw_2_50,-0.007142246119646665,0.7573686598402111
,-0.08985475899170339,,,1993,raw_2_50_affine,affine,,,,raw_2_50,-0.007142246119646665,0.7573686598402111
,-0.045305549599140085,,,1994,raw_2_50_affine,affine,,,,raw_2_50,-0.007142246119646665,0.7573686598402111
,0.03783822603818402,,,1995,raw_2_50_affine,affine,,,,raw_2_50,-0.007142246119646665,0.7573686598402111
,0.028700878501844405,,,1996,raw_2_50_affine,affine,,,,raw_2_50,-0.007142246119646665,0.7573686598402111
,0.02874106485132328,,,1997,raw_2_50_affine,affine,,,,raw_2_50,-0.007142246119646665,0.7573686598402111
,0.0007894612768155748,,,1998,raw_2_50_affine,affine,,,,raw_2_50,-0.007142246119646665,0.7573686598402111
,0.039911764945431215,,,1999,raw_2_50_affine,affine,,,,raw_2_50,-0.007142246119646665,0.7573686598402111
,0.005307543513530885,,,2000,raw_2_50_affine,affine,,,,raw_2_50,-0.007142246119646665,0.7573686598402111
,-0.00888689836560653,,,2001,raw_2_50_affine,affine,,,,raw_2_50,-0.007142246119646665,0.7573686598402111
,0.08333948201600629,,,2002,raw_2_50_affine,affine,,,,raw_2_50,-0.007142246119646665,0.7573686598402111
,0.0414570925406975,,,2003,raw_2_50_affine,affine,,,,raw_2_50,-0.007142246119646665,0.7573686598402111
,0.04450618790427689,,,2004,raw_2_50_affine,affine,,,,raw_2_50,-0.007142246119646665,0.7573686598402111
,-0.01963774423627303,,,2005,raw_2_50_affine,affine,,,,raw_2_50,-0.007142246119646665,0.7573686598402111
,0.10014928656263272,,,2006,raw_2_50_affine,affine,,,,raw_2_50,-0.007142246119646665,0.7573686598402111
,0.05247007912626675,,,2007,raw_2_50_affine,affine,,,,raw_2_50,-0.007142246119646665,0.7573686598402111
,0.1337704895377054,,,2008,raw_2_50_affine,affine,,,,raw_2_50,-0.007142246119646665,0.7573686598402111
,0.12199067245121246,,,2009,raw_2_50_affine,affine,,,,raw_2_50,-0.007142246119646665,0.7573686598402111
,0.08484877945537743,,,2010,raw_2_50_affine,affine,,,,raw_2_50,-0.007142246119646665,0.7573686598402111
,0.09789855900059144,,,2011,raw_2_50_affine,affine,,,,raw_2_50,-0.007142246119646665,0.7573686598402111
,0.09503399874341244,,,2012,raw_2_50_affine,affine,,,,raw_2_50,-0.007142246119646665,0.7573686598402111
,0.04874987616252424,,,2013,raw_2_50_affine,affine,,,,raw_2_50,-0.007142246119646665,0.7573686598402111
,0.103275351173788,,,2014,raw_2_50_affine,affine,,,,raw_2_50,-0.007142246119646665,0.7573686598402111
,0.1440837739832212,,,2015,raw_2_50_affine,affine,,,,raw_2_50,-0.007142246119646665,0.7573686598402111
,0.12318887215393724,,,2016,raw_2_50_affine,affine,,,,raw_2_50,-0.007142246119646665,0.7573686598402111
,0.2490456613635881,,,2017,raw_2_50_affine,affine,,,,raw_2_50,-0.007142246119646665,0.7573686598402111
,0.4864048811048412,,,2018,raw_2_50_affine,affine,,,,raw_2_50,-0.007142246119646665,0.7573686598402111
,0.5982456938479089,,,2019,raw_2_50_affine,affine,,,,raw_2_50,-0.007142246119646665,0.7573686598402111
,0.6356515618870348,,,2020,raw_2_50_affine,affine,,,,raw_2_50,-0.007142246119646665,0.7573686598402111
,0.6680765304192621,,,2021,raw_2_50_affine,affine,,,,raw_2_50,-0.007142246119646665,0.7573686598402111
,0.10507142929378493,,,1951,raw_5_60_affine,affine,,,,raw_5_60,0.0051120109435551335,0.7908145079615452
,-0.14741775147738953,,,1952,raw_5_60_affine,affine,,,,raw_5_60,0.0051120109435551335,0.7908145079615452
,-0.0041178419945018755,,,1953,raw_5_60_affine,affine,,,,raw_5_60,0.0051120109435551335,0.7908145079615452
,-0.09027301012817997,,,1954,raw_5_60_affine,affine,,,,raw_5_60,0.0051120109435551335,0.7908145079615452
,0.033156352530197025,,,1955,raw_5_60_affine,affine,,,,raw_5_60,0.0051120109435551335,0.7908145079615452
,-0.21697333072854855,,,1956,raw_5_60_affine,affine,,,,raw_5_60,0.0051120109435551335,0.7908145079615452
,0.027986022133325374,,,1957,raw_5_60_affine,affine,,,,raw_5_60,0.0051120109435551335,0.7908145079615452
,-0.0978503087534338,,,1958,raw_5_60_affine,affine,,,,raw_5_60,0.0051120109435551335,0.7908145079615452
,-0.09280964036052698,,,1959,raw_5_60_affine,affine,,,,raw_5_60,0.0051120109435551335,0.7908145079615452
,0.06671667068623945,,,1960,raw_5_60_affine,affine,,,,raw_5_60,0.0051120109435551335,0.7908145079615452
,-0.1528474955443355,,,1961,raw_5_60_affine,affine,,,,raw_5_60,0.0051120109435551335,0.7908145079615452
,-0.07064831683052766,,,1962,raw_5_60_affine,affine,,,,raw_5_60,0.0051120109435551335,0.7908145079615452
,-0.132747165733783,,,1963,raw_5_60_affine,affine,,,,raw_5_60,0.0051120109435551335,0.7908145079615452
,0.005776075956483239,,,1964,raw_5_60_affine,affine,,,,raw_5_60,0.0051120109435551335,0.7908145079615452
,0.08783500067037725,,,1965,raw_5_60_affine,affine,,,,raw_5_60,0.0051120109435551335,0.7908145079615452
,-0.03868580351353665,,,1966,raw_5_60_affine,affine,,,,raw_5_60,0.0051120109435551335,0.7908145079615452
,0.24364658139174547,,,1967,raw_5_60_affine,affine,,,,raw_5_60,0.0051120109435551335,0.7908145079615452
,0.14376971178667114,,,1968,raw_5_60_affine,affine,,,,raw_5_60,0.0051120109435551335,0.7908145079615452
,0.009534491482655075,,,1969,raw_5_60_affine,affine,,,,raw_5_60,0.0051120109435551335,0.7908145079615452
,-0.13123904519320598,,,1970,raw_5_60_affine,affine,,,,raw_5_60,0.0051120109435551335,0.7908145079615452
,-0.04148655817304296,,,1971,raw_5_60_affine,affine,,,,raw_5_60,0.0051120109435551335,0.7908145079615452
,0.0809299159260753,,,1972,raw_5_60_affine,affine,,,,raw_5_60,0.0051120109435551335,0.7908145079615452
,-0.026826584691628772,,,1973,raw_5_60_affine,affine,,,,raw_5_60,0.0051120109435551335,0.7908145079615452
,0.05316486862174691,,,1974,raw_5_60_affine,affine,,,,raw_5_60,0.0051120109435551335,0.7908145079615452
,0.0812367374154887,,,1975,raw_5_60_affine,affine,,,,raw_5_60,0.0051120109435551335,0.7908145079615452
,-0.06621965915083074,,,1976,raw_5_60_affine,affine,,,,raw_5_60,0.0051120109435551335,0.7908145079615452
,-0.03844082285671917,,,1977,raw_5_60_affine,affine,,,,raw_5_60,0.0051120109435551335,0.7908145079615452
,0.060489376183507554,,,1978,raw_5_60_affine,affine,,,,raw_5_60,0.0051120109435551335,0.7908145079615452
,0.07919288430424123,,,1979,raw_5_60_affine,affine,,,,raw_5_60,0.0051120109435551335,0.7908145079615452
,0.012729678110049436,,,1980,raw_5_60_affine,affine,,,,raw_5_60,0.0051120109435551335,0.7908145079615452
,0.06309671716184,,,1981,raw_5_60_affine,affine,,,,raw_5_60,0.0051120109435551335,0.7908145079615452
,0.02402999742020756,,,1982,raw_5_60_affine,affine,,,,raw_5_60,0.0051120109435551335,0.7908145079615452
,0.16306778202432254,,,1983,raw_5_60_affine,affine,,,,raw_5_60,0.0051120109435551335,0.7908145079615452
,0.03515618395171412,,,1984,raw_5_60_affine,affine,,,,raw_5_60,0.0051120109435551335,0.7908145079615452
,-0.00027156235083885746,,,1985,raw_5_60_affine,affine,,,,raw_5_60,0.0051120109435551335,0.7908145079615452
,0.09084500447275523,,,1986,raw_5_60_affine,affine,,,,raw_5_60,0.0051120109435551335,0.7908145079615452
,0.05671334307661677,,,1987,raw_5_60_affine,affine,,,,raw_5_60,0.0051120109435551335,0.7908145079615452
,0.022899127909389413,,,1988,raw_5_60_affine,affine,,,,raw_5_60,0.0051120109435551335,0.7908145079615452
,-0.046324247943623775,,,1989,raw_5_60_affine,affine,,,,raw_5_60,0.0051120109435551335,0.7908145079615452
,-0.04344696623943965,,,1990,raw_5_60_affine,affine,,,,raw_5_60,0.0051120109435551335,0.7908145079615452
,-0.055316908170651755,,,1991,raw_5_60_affine,affine,,,,raw_5_60,0.0051120109435551335,0.7908145079615452
,-0.024915152237993676,,,1992,raw_5_60_affine,affine,,,,raw_5_60,0.0051120109435551335,0.7908145079615452
,-0.12926722328546625,,,1993,raw_5_60_affine,affine,,,,raw_5_60,0.0051120109435551335,0.7908145079615452
,-0.06769287111489453,,,1994,raw_5_60_affine,affine,,,,raw_5_60,0.0051120109435551335,0.7908145079615452
,-0.03192725377656046,,,1995,raw_5_60_affine,affine,,,,raw_5_60,0.0051120109435551335,0.7908145079615452
,-0.020961584991025548,,,1996,raw_5_60_affine,affine,,,,raw_5_60,0.0051120109435551335,0.7908145079615452
,-0.03386551519199599,,,1997,raw_5_60_affine,affine,,,,raw_5_60,0.0051120109435551335,0.7908145079615452
,-0.025482508642544855,,,1998,raw_5_60_affine,affine,,,,raw_5_60,0.0051120109435551335,0.7908145079615452
,0.04183791360821583,,,1999,raw_5_60_affine,affine,,,,raw_5_60,0.0051120109435551335,0.7908145079615452
,-0.023465575444114973,,,2000,raw_5_60_affine,affine,,,,raw_5_60,0.0051120109435551335,0.7908145079615452
,-0.011345308188824076,,,2001,raw_5_60_affine,affine,,,,raw_5_60,0.0051120109435551335,0.7908145079615452
,0.07525902798363042,,,2002,raw_5_60_affine,affine,,,,raw_5_60,0.0051120109435551335,0.7908145079615452
,0.030558854036617362,,,2003,raw_5_60_affine,affine,,,,raw_5_60,0.0051120109435551335,0.7908145079615452
,0.05354294057205437,,,2004,raw_5_60_affine,affine,,,,raw_5_60,0.0051120109435551335,0.7908145079615452
,-0.030719816358781297,,,2005,raw_5_60_affine,affine,,,,raw_5_60,0.0051120109435551335,0.7908145079615452
,0.12706840384975102,,,2006,raw_5_60_affine,affine,,,,raw_5_60,0.0051120109435551335,0.7908145079615452
,0.06956925611057296,,,2007,raw_5_60_affine,affine,,,,raw_5_60,0.0051120109435551335,0.7908145079615452
,0.13410498589045855,,,2008,raw_5_60_affine,affine,,,,raw_5_60,0.0051120109435551335,0.7908145079615452
,0.13346508771840201,,,2009,raw_5_60_affine,affine,,,,raw_5_60,0.0051120109435551335,0.7908145079615452
,0.055791513154747216,,,2010,raw_5_60_affine,affine,,,,raw_5_60,0.0051120109435551335,0.7908145079615452
,0.058172640535466336,,,2011,raw_5_60_affine,affine,,,,raw_5_60,0.0051120109435551335,0.7908145079615452
,0.07893457536135597,,,2012,raw_5_60_affine,affine,,,,raw_5_60,0.0051120109435551335,0.7908145079615452
,0.06681010655594995,,,2013,raw_5_60_affine,affine,,,,raw_5_60,0.0051120109435551335,0.7908145079615452
,0.11798460902653028,,,2014,raw_5_60_affine,affine,,,,raw_5_60,0.0051120109435551335,0.7908145079615452
,0.18206219771398993,,,2015,raw_5_60_affine,affine,,,,raw_5_60,0.0051120109435551335,0.7908145079615452
,0.1444698905177487,,,2016,raw_5_60_affine,affine,,,,raw_5_60,0.0051120109435551335,0.7908145079615452
,0.3027632840643942,,,2017,raw_5_60_affine,affine,,,,raw_5_60,0.0051120109435551335,0.7908145079615452
,0.5772578822445154,,,2018,raw_5_60_affine,affine,,,,raw_5_60,0.0051120109435551335,0.7908145079615452
,0.6997914544284154,,,2019,raw_5_60_affine,affine,,,,raw_5_60,0.0051120109435551335,0.7908145079615452
,0.7275471586144149,,,2020,raw_5_60_affine,affine,,,,raw_5_60,0.0051120109435551335,0.7908145079615452
,0.7913503111897556,,,2021,raw_5_60_affine,affine,,,,raw_5_60,0.0051120109435551335,0.7908145079615452
